Iterator,Date,Time,Tambient,Tcontainer_1,Tcontainer_2,Pyranometer_Gt_Row1,Pyranometer_Gt_Row2,Pyranometer_Gt_Row3,Pyranometer_Gt_Row4,Pyranometer_Gh,Humidity,APE,WD,WS
1,01.01.2019, 00:00-00:15 ,16.64,20.25,23.91,-2.293<,-2.432<,-2.173<,-2.075<,-2.514<,49.119,0,90.0188,1.1368
1,01.01.2019, 00:15-00:30 ,16.56,20.02,23.84,-1.866<,-1.919<,-1.730<,-1.668<,-2.227<,50.54,0,94.0103,1.4058
1,01.01.2019, 00:30-00:45 ,16.51,20.1,24.1,-2.024<,-2.135<,-1.907<,-1.819<,-2.326<,50.935,0,92.8886,1.1069
1,01.01.2019, 00:45-01:00 ,16.64,20.1,24.18,-2.085<,-2.216<,-1.962<,-1.850<,-2.039<,50.819,0,94.3575,1.2929
1,01.01.2019, 01:00-01:15 ,16.87,20.13,24.16,-1.762<,-1.819<,-1.638<,-1.576<,-2.039<,49.732,0,105.2671,1.0666
1,01.01.2019, 01:15-01:30 ,16.81,19.94,24.36,-1.970<,-2.089<,-1.853<,-1.771<,-2.063<,49.68,0,96.0881,1.5416
1,01.01.2019, 01:30-01:45 ,16.51,20.15,24.22,-2.659<,-2.852<,-2.528<,-2.407<,-2.592<,49.999,0,94.3932,1.266
1,01.01.2019, 01:45-02:00 ,15.8,20.28,24.34,-2.494<,-2.640<,-2.358<,-2.267<,-2.620<,52.17,0,92.9454,1.2623
1,01.01.2019, 02:00-02:15 ,15.72,20.02,24.31,-2.189<,-2.316<,-2.071<,-1.969<,-2.258<,53.066,0,95.2047,1.2976
1,01.01.2019, 02:15-02:30 ,15.86,19.96,24.12,-1.995<,-2.108<,-1.876<,-1.771<,-2.029<,52.511,0,93.6254,1.1885
1,01.01.2019, 02:30-02:45 ,16.01,20.04,24.4,-1.963<,-2.042<,-1.832<,-1.754<,-1.971<,51.566,0,95.0191,1.2522
1,01.01.2019, 02:45-03:00 ,15.93,20.08,24.19,-1.880<,-1.931<,-1.754<,-1.682<,-2.148<,51.922,0,95.3341,1.0266
1,01.01.2019, 03:00-03:15 ,16.13,20.35,24.42,-2.149<,-2.270<,-2.027<,-1.928<,-1.981<,51.018,0,92.3897,1.0638
1,01.01.2019, 03:15-03:30 ,15.43,20.08,24.43,-3.437<,-3.699<,-3.286<,-3.125<,-3.050<,52.691,0,106.6554,0.6743
1,01.01.2019, 03:30-03:45 ,14.96,20.15,24.36,-2.540<,-2.690<,-2.412<,-2.301<,-2.527<,55.406,0,101.0268,1.0361
1,01.01.2019, 03:45-04:00 ,14.9,20.06,24.35,-2.293<,-2.424<,-2.173<,-2.072<,-2.268<,58.779,0,93.0744,1.0543
1,01.01.2019, 04:00-04:15 ,14.89,19.9,24.41,-2.321<,-2.459<,-2.184<,-2.072<,-2.264<,61.756,0,91.4894,0.7223
1,01.01.2019, 04:15-04:30 ,15.17,20.04,24.35,-1.643<,-1.676<,-1.508<,-1.453<,-1.964<,64.445,0,96.7911,0.9796
1,01.01.2019, 04:30-04:45 ,15,20.04,24.18,-1.981<,-2.100<,-1.866<,-1.774<,-2.018<,65.888,0,90.9878,1.0367
1,01.01.2019, 04:45-05:00 ,14.89,20.1,24.34,-1.941<,-2.027<,-1.815<,-1.747<,-2.008<,66.511,0,94.6964,1.1317
1,01.01.2019, 05:00-05:15 ,9.86,13.17,16.04,-1.410<,-1.410<,-1.327<,-1.255<,-1.370<,46.19,0,94.7463,0.8082
1,01.01.2019, 05:15-05:30 ,14.89,20.23,24.19,-1.984<,-2.085<,-1.863<,-1.771<,-1.913<,69.798,0,80.8602,0.7352
1,01.01.2019, 05:30-05:45 ,14.76,20.17,24.38,-2.017<,-2.127<,-1.894<,-1.802<,-1.848<,70.087,0,81.189,1.2197
1,01.01.2019, 05:45-06:00 ,14.62,20.1,24.39,-2.013<,-2.119<,-1.883<,-1.795<,-1.800<,71.063,0,87.9734,1.3469
1,01.01.2019, 06:00-06:15 ,14.63,19.96,24.23,-2.454<,-2.620<,-2.317<,-2.198<,-2.138<,70.94,0,95.3032,1.1331
1,01.01.2019, 06:15-06:30 ,14.06,20.14,24.51,-2.411<,-2.582<,-2.289<,-2.191<,-2.568<,70.86,0,103.2217,0.8377
1,01.01.2019, 06:30-06:45 ,13.81,20.03,24.35,-1.823<,-1.915<,-1.720<,-1.644<,-2.309<,71.815,0,105.475,0.8283
1,01.01.2019, 06:45-07:00 ,13.7,19.78,24.33,-0.298<,-0.285<,-0.259<,-0.181<,-0.772<,72.814,0,104.8224,0.9925
1,01.01.2019, 07:00-07:15 ,13.74,20.14,24.42,5.827,6.189,5.558,5.672,5.041,72.819,0,100.3079,1.3147
1,01.01.2019, 07:15-07:30 ,13.39,19.99,24.34,31.823,38.62,34.545,44.209,23.296,73.616,0,97.5541,1.3606
1,01.01.2019, 07:30-07:45 ,13.59,20.01,24.38,75.138,110.266,99.748,138.376,56.192,73.803,0,96.4132,1.382
1,01.01.2019, 07:45-08:00 ,14.52,20.42,25.02,123.882,183.711,176.766,227.908,92.558,70.971,0,96.3482,1.5609
1,01.01.2019, 08:00-08:15 ,15.62,20.08,24.74,181.098,262.979,253.982,314.256,137.995,65.858,0,97.5257,1.4444
1,01.01.2019, 08:15-08:30 ,16.58,19.85,23.64,241.091,342.432,331.863,393.258,187.756,61.626,0,102.8746,1.3357
1,01.01.2019, 08:30-08:45 ,17.36,19.54,22.99,298.913,416.304,404.316,460.25,237.384,58.605,0,94.3559,1.4162
1,01.01.2019, 08:45-09:00 ,18.53,19.33,22.85,355.135,485.734,473.139,519.227,286.831,53.846,0,91.2171,1.3313
1,01.01.2019, 09:00-09:15 ,19.99,19.61,22.95,409.885,551.711,538.663,572.133,335.806,47.373,0,85.9271,1.4364
1,01.01.2019, 09:15-09:30 ,21.45,19.49,22.56,460.797,610.748,598.052,615.562,382.117,43.262,0,87.3483,1.35
1,01.01.2019, 09:30-09:45 ,22.85,19.76,22.47,511.887,671.106,658.888,661.234,428.48,43.118,0,89.46,1.5088
1,01.01.2019, 09:45-10:00 ,23.91,20.28,22.69,553.581,718.694,707.369,694.027,467.65,46.603,0,89.8277,1.405
1,01.01.2019, 10:00-10:15 ,24.6,20.71,23.03,594.604,764.574,753.835,725.651,506.011,46.093,0,87.0836,
1,01.01.2019, 10:15-10:30 ,25.23,21.33,23.6,629.02,804.921,795.009,751.768,539.597,43.262,0,86.4042,1.3937
1,01.01.2019, 10:30-10:45 ,25.86,21.74,24.12,659.917,841.395,832.712,776.981,570.96,36.525,0,78.4288,1.2746
1,01.01.2019, 10:45-11:00 ,26.53,22.02,24.33,689.469,875.329,867.53,799.477,600.143,31.589,0,93.7907,1.3174
1,01.01.2019, 11:00-11:15 ,27.31,21.59,23.81,714.643,904.019,897.427,817.429,625.311,25.04,0,102.0316,1.0641
1,01.01.2019, 11:15-11:30 ,28.07,19.76,20.78,734.973,927.314,922.112,832.444,646.346,21.61,0,105.4726,0.975
1,01.01.2019, 11:30-11:45 ,28.27,19.48,20.34,742.888,934.759,931.047,834.291,656.233,21.134,0,95.7643,1.4088
1,01.01.2019, 11:45-12:00 ,28.54,20.1,20.25,758.439,952.867,950.437,846.321,672.548,20.592,0,132.124,1.1263
1,01.01.2019, 12:00-12:15 ,28.97,20.38,20.27,763.99,958.671,957.438,849.227,680.222,18.015,0,159.255,1.1838
1,01.01.2019, 12:15-12:30 ,29.25,20.38,20.31,738.471,926.624,926.663,822.571,658.357,17.219,0,215.1408,1.1953
1,01.01.2019, 12:30-12:45 ,29.35,20.4,20.22,766.48,961.73,963.327,854.67,686.011,16.05,0,118.9252,1.1416
1,01.01.2019, 12:45-13:00 ,30.16,20.42,20.2,756.006,944.697,947.881,837.094,678.378,14.987,0,120.7507,0.9852
1,01.01.2019, 13:00-13:15 ,30.35,20.14,20.03,692.461,865.114,868.891,770.848,622.254,13.667,0,142.5346,1.3088
1,01.01.2019, 13:15-13:30 ,29.86,20.29,20.02,744.822,932.532,938.236,836.202,672.913,14.694,0,154.4388,1.1381
1,01.01.2019, 13:30-13:45 ,30.63,20.44,20.17,729.58,911.919,919.096,812.691,661.025,14.193,0,165.3817,1.1598
1,01.01.2019, 13:45-14:00 ,30.34,20.44,20.33,684.123,852.882,860.747,760.229,622.845,13.99,0,183.7471,1.4196
1,01.01.2019, 14:00-14:15 ,28.77,19.41,19.32,597.205,751.418,759.072,682.253,543.501,14.289,0,322.1688,1.6197
1,01.01.2019, 14:15-14:30 ,30.03,19.86,19.72,608.884,776.697,785.998,724,554.662,15.329,0,162.5622,1.1585
1,01.01.2019, 14:30-14:45 ,30.51,20.33,19.9,543.606,700.555,710.989,668.297,495.048,14.83,0,218.2869,1.3667
1,01.01.2019, 14:45-15:00 ,29.49,19.42,19.86,260.66,320.035,324.128,289.115,239.898,16.135,0,206.7481,1.444
1,01.01.2019, 15:00-15:15 ,27.97,17.96,19.64,127.653,148.956,150,122.315,119.201,19.546,0,277.0745,1.4286
1,01.01.2019, 15:15-15:30 ,27.42,18.52,20.46,208.554,239.981,242.675,195.915,198.644,21.757,0,322.0093,1.4436
1,01.01.2019, 15:30-15:45 ,27.77,18.36,21.06,290.606,356.913,362.286,324.051,271.489,23.716,0,256.6955,1.3058
1,01.01.2019, 15:45-16:00 ,28.65,17.42,21.13,267.836,362.058,371.372,385.169,245.949,22.543,0,209.5603,1.2513
1,01.01.2019, 16:00-16:15 ,28.07,17.41,21.12,245.343,332.289,342.627,362.154,227.643,25.619,0,316.7773,1.931
1,01.01.2019, 16:15-16:30 ,27.62,17.51,21.35,205.766,287.067,297.083,328.099,190.403,25.353,0,291.3954,2.3565
1,01.01.2019, 16:30-16:45 ,27,17.5,21.41,139.605,197.353,204.991,234.824,130.294,24.949,0,329.6251,2.6594
1,01.01.2019, 16:45-17:00 ,26.52,17.23,21.57,108.213,158.782,165.49,199.747,101.308,24.548,0,350.6897,2.9016
1,01.01.2019, 17:00-17:15 ,26.07,17.29,21.14,64.589,93.383,96.578,119.039,61.042,24.302,0,339.5808,2.4711
1,01.01.2019, 17:15-17:30 ,25.55,17.33,21.43,24.496,28.697,26.435,30.715,24.238,25.704,0,282.4909,2.4882
1,01.01.2019, 17:30-17:45 ,24.98,18.08,22.23,3.064,3.283,2.948,3.104,3.115,27.281,0,352.1204,2.67
1,01.01.2019, 17:45-18:00 ,17.99,13.58,16.41,-1.252<,-1.322<,-1.180<,-1.087<,-0.967<,20.763,0,222.1222,1.7609
1,01.01.2019, 18:00-18:15 ,11.15,8.6,10.59,-1.554<,-1.634<,-1.474<,-1.402<,-1.557<,14.007,0,93.1322,0.8179
1,01.01.2019, 18:15-18:30 ,22.81,18.99,23.1,-3.452<,-3.634<,-3.241<,-3.111<,-3.613<,29.852,0,98.8443,0.7794
1,01.01.2019, 18:30-18:45 ,23.21,18.8,22.96,-3.294<,-3.503<,-3.118<,-2.988<,-3.552<,29.666,0,114.0545,0.7351
1,01.01.2019, 18:45-19:00 ,22.87,19,23.03,-3.398<,-3.588<,-3.207<,,,30.216,0,104.3602,0.6502
1,01.01.2019, 19:00-19:15 ,22.51,19.11,22.94,-3.681<,-3.904<,-3.477<,,,30.582,0,51.5227,0.6019
1,01.01.2019, 19:15-19:30 ,22.04,18.77,23.33,-3.950<,-4.189<,-3.739<,,,31.102,0,85.4512,0.5519
1,01.01.2019, 19:30-19:45 ,21.5,18.67,22.59,-3.933<,-4.150<,-3.715<,,,32.167,0,108.7983,0.4377
1,01.01.2019, 19:45-20:00 ,21.08,17.84,22.4,-3.843<,-4.058<,-3.637<,,,34.339,0,102.6454,0.5251
1,01.01.2019, 20:00-20:15 ,20.41,18.62,22.58,-4.220<,-4.524<,-4.012<,,,35.705,0,89.5492,0.5376
1,01.01.2019, 20:15-20:30 ,19.87,18.83,22.73,-3.972<,-4.224<,-3.763<,,,37.789,0,91.0872,0.4729
1,01.01.2019, 20:30-20:45 ,19.52,18.85,22.72,-3.900<,-4.166<,-3.695<,-3.532<,-3.736<,39.816,0,87.8016,0.494
1,01.01.2019, 20:45-21:00 ,19.11,18.64,22.86,-4.119<,-4.397<,-3.913<,-3.723<,-3.589<,41.869,0,96.6666,0.4937
1,01.01.2019, 21:00-21:15 ,18.52,18.97,22.7,-3.782<,-4.019<,-3.593<,-3.412<,-3.340<,44.304,0,96.8282,0.5723
1,01.01.2019, 21:15-21:30 ,18.1,18.78,22.83,-3.488<,-3.688<,-3.313<,-3.145<,-3.255<,46.392,0,107.1306,0.5613
1,01.01.2019, 21:30-21:45 ,17.54,18.52,22.64,-2.985<,-3.171<,-2.832<,-2.711<,-3.186<,47.754,0,113.2082,0.8187
1,01.01.2019, 21:45-22:00 ,17.19,18.96,22.93,-2.989<,-3.164<,-2.815<,-2.684<,-2.934<,49.087,0,101.2904,0.7726
1,01.01.2019, 22:00-22:15 ,17,18.65,22.81,-2.953<,-3.091<,-2.757<,-2.639<,-2.951<,49.593,0,94.9057,0.8599
1,01.01.2019, 22:15-22:30 ,17.09,18.65,22.67,-2.293<,-2.382<,-2.136<,-2.041<,-2.343<,49.55,0,93.142,1.1119
1,01.01.2019, 22:30-22:45 ,16.96,18.64,22.75,-2.917<,-3.091<,-2.770<,-2.632<,-3.091<,49.754,0,106.8111,0.4919
1,01.01.2019, 22:45-23:00 ,16.83,18.69,22.56,-2.483<,-2.570<,-2.303<,-2.205<,-2.695<,52.898,0,96.4233,0.8243
1,01.01.2019, 23:00-23:15 ,16.93,18.83,22.77,-2.799<,-2.956<,-2.613<,-2.468<,-2.339<,54.051,0,95.7822,1.0529
1,01.01.2019, 23:15-23:30 ,16.74,18.78,22.67,-2.476<,-2.593<,-2.320<,-2.229<,-2.667<,54.769,0,98.091,0.9309
1,01.01.2019, 23:30-23:45 ,16.33,18.49,22.69,-2.598<,-2.721<,-2.433<,-2.349<,-2.797<,55.292,0,91.1353,1.1092
1,01.01.2019, 23:45-00:00 ,16.26,18.84,22.77,-2.562<,-2.686<,-2.405<,-2.297<,-2.896<,55.887,0,87.715,0.576
2,02.01.2019, 00:00-00:15 ,16.07,19.17,22.8,-2.386<,-2.482<,-2.238<,-2.150<,-2.814<,56.429,0,92.7214,0.682
2,02.01.2019, 00:15-00:30 ,15.97,20.22,23.5,-2.501<,-2.636<,-2.344<,-2.236<,-2.599<,56.808,0,93.4637,0.6923
2,02.01.2019, 00:30-00:45 ,15.79,20.52,23.87,-2.526<,-2.690<,-2.388<,-2.280<,-2.343<,57.5,0,93.8036,0.7832
2,02.01.2019, 00:45-01:00 ,15.77,20.21,23.94,-1.841<,-1.927<,-1.723<,-1.644<,-1.844<,57.483,0,102.6573,1.1322
2,02.01.2019, 01:00-01:15 ,15.67,20.13,24.06,-1.654<,-1.746<,-1.552<,-1.460<,-1.694<,58.188,0,95.0486,1.0555
2,02.01.2019, 01:15-01:30 ,15.81,19.83,24.12,-1.554<,-1.607<,-1.464<,-1.381<,-1.954<,57.665,0,97.9588,0.7373
2,02.01.2019, 01:30-01:45 ,15.77,20.35,24.2,-1.855<,-1.961<,-1.754<,-1.655<,-1.967<,57.411,0,101.8925,0.7402
2,02.01.2019, 01:45-02:00 ,15.63,19.88,24.26,-1.862<,-1.931<,-1.740<,-1.655<,-2.179<,57.699,0,96.2282,0.8368
2,02.01.2019, 02:00-02:15 ,15.59,20.16,24.09,-1.834<,-1.908<,-1.702<,-1.644<,-2.070<,57.368,0,96.4369,1.2837
2,02.01.2019, 02:15-02:30 ,15.26,20.23,24.06,-2.146<,-2.270<,-2.023<,-1.925<,-2.319<,57.827,0,101.3619,1.0015
2,02.01.2019, 02:30-02:45 ,15.01,19.99,24.22,-2.569<,-2.721<,-2.426<,-2.311<,-2.620<,57.417,0,95.505,0.7481
2,02.01.2019, 02:45-03:00 ,14.74,19.93,24.24,-2.128<,-2.243<,-1.999<,-1.918<,-2.169<,57.939,0,97.4258,1.0384
2,02.01.2019, 03:00-03:15 ,14.8,20.27,24.3,-1.794<,-1.869<,-1.672<,-1.590<,-2.025<,56.593,0,104.2828,0.8589
2,02.01.2019, 03:15-03:30 ,14.64,19.77,24.25,-2.146<,-2.258<,-2.023<,-1.925<,-2.435<,55.842,0,121.2786,0.4267
2,02.01.2019, 03:30-03:45 ,14.57,20.2,24.34,-1.927<,-2.039<,-1.815<,-1.713<,-1.916<,55.711,0,98.5148,1.0958
2,02.01.2019, 03:45-04:00 ,14.53,20.12,24.31,-1.948<,-2.050<,-1.829<,-1.744<,-2.114<,54.556,0,96.3956,1.4266
2,02.01.2019, 04:00-04:15 ,14.35,19.95,24.21,-2.052<,-2.150<,-1.924<,-1.846<,-2.261<,54.648,0,92.0816,1.067
2,02.01.2019, 04:15-04:30 ,14.34,20.18,24.32,-1.995<,-2.089<,-1.873<,-1.791<,-2.244<,53.537,0,93.9672,0.992
2,02.01.2019, 04:30-04:45 ,14.41,20,24.28,-1.676<,-1.742<,-1.569<,-1.494<,-1.971<,52.588,0,95.1164,1.1822
2,02.01.2019, 04:45-05:00 ,14.37,20.01,24.4,-2.045<,-2.154<,-1.911<,-1.826<,-2.182<,51.957,0,95.0475,1.092
2,02.01.2019, 05:00-05:15 ,14.26,19.67,24.22,-2.512<,-2.697<,-2.388<,-2.243<,-2.305<,51.95,0,93.5269,0.765
2,02.01.2019, 05:15-05:30 ,14.24,20.23,23.57,-2.027<,-2.112<,-1.911<,-1.812<,-2.128<,51.595,0,94.375,0.7516
2,02.01.2019, 05:30-05:45 ,13.96,19.4,24.42,-1.826<,-1.908<,-1.709<,-1.597<,-1.967<,51.9,0,102.1606,1.0993
2,02.01.2019, 05:45-06:00 ,13.45,19.76,24.25,-1.981<,-2.112<,-1.876<,-1.788<,-2.022<,53.135,0,105.2806,1.3678
2,02.01.2019, 06:00-06:15 ,13.36,20.42,24.47,-1.518<,-1.592<,-1.372<,-1.354<,-1.841<,53.707,0,95.952,1.2662
2,02.01.2019, 06:15-06:30 ,13.6,20.02,24.31,-1.324<,-1.356<,-1.221<,-1.162<,-1.646<,53.49,0,95.2113,1.454
2,02.01.2019, 06:30-06:45 ,13.89,19.99,24.32,-1.363<,-1.399<,-1.256<,-1.203<,-1.612<,52.352,0,94.8301,1.6807
2,02.01.2019, 06:45-00:00 ,,,,,,,,,,,,
2,02.01.2019, 07:00-07:15 ,13.48,20.2,24.4,8.504,9.002,8.089,8.26,7.261,53.693,0,98.0695,1.2541
2,02.01.2019, 07:15-07:30 ,13.47,19.88,24.37,39.856,48.559,43.408,57.597,29.406,53.882,0,99.8965,1.3656
2,02.01.2019, 07:30-07:45 ,13.88,20.08,24.33,87.051,125.561,115.534,157.412,65.468,52.789,0,101.4286,1.4601
2,02.01.2019, 07:45-08:00 ,14.72,20.16,24.56,146.035,209.094,201.375,253.282,111.841,50.128,0,100.9966,1.42
2,02.01.2019, 08:00-08:15 ,15.8,19.08,23.88,206.817,288.559,270.423,332.031,162.599,46.733,0,100.6813,1.6488
2,02.01.2019, 08:15-08:30 ,17.06,19.67,23.12,247.937,332.817,323.654,360.226,201.868,43.608,0,105.7467,1.8695
2,02.01.2019, 08:30-08:45 ,18.56,19.52,22.78,235.228,302.301,295.135,308.513,197.527,41.482,0,98.5923,1.8465
2,02.01.2019, 08:45-09:00 ,19.6,19.54,22.92,357.664,459.353,448.035,459.282,300.57,40.596,0,95.1355,2.2563
2,02.01.2019, 09:00-09:15 ,20.77,19.65,22.84,393.506,493.171,483.149,475.942,336.755,40.235,0,95.4135,2.4898
2,02.01.2019, 09:15-09:30 ,21.96,19.32,22.36,463.283,578.447,568.117,543.101,398.75,39.535,0,95.2888,2.7803
2,02.01.2019, 09:30-09:45 ,22.9,19.26,22.19,404.482,498.948,491.375,460.831,351.622,40.348,0,92.9496,2.845
2,02.01.2019, 09:45-10:00 ,23.41,20.06,36.12,495.759,611.857,602.975,563.344,431.291,41.665,0,91.872,2.8435
2,02.01.2019, 10:00-10:15 ,23.99,20.04,22.7,512.885,625.487,617.813,564.68,450.482,36.757,0,90.1215,2.7557
2,02.01.2019, 10:15-10:30 ,24.59,20.19,22.77,546.2,675.715,668.53,612.472,478.518,33.546,0,87.4633,2.0572
2,02.01.2019, 10:30-10:45 ,25.35,20.83,23.22,693.391,850.778,843.521,750.574,614.273,28.092,0,86.5771,1.9931
2,02.01.2019, 10:45-11:00 ,25.94,20.84,23.48,527.201,633.229,629.113,545.88,471.728,24.99,0,84.8561,1.7846
2,02.01.2019, 11:00-11:15 ,26.2,21.3,23.7,680.197,822.482,817.946,714.92,610.174,24.432,0,88.0002,1.9352
2,02.01.2019, 11:15-11:30 ,26.49,21.08,23.66,620.858,728.933,726.677,609.039,566.168,23.738,0,92.5647,1.66
2,02.01.2019, 11:30-11:45 ,27.51,21.39,24.08,560.89,651.01,649.969,532.024,512.633,21.12,0,90.0814,1.3475
2,02.01.2019, 11:45-12:00 ,27.68,21.41,24.02,801.625,966.146,963.92,946.776,723.296,20.075,0,94.773,1.2211
2,02.01.2019, 12:00-12:15 ,28.56,20.92,23,728.827,875.044,874.319,886.109,658.016,18.495,0,158.1296,1.1134
2,02.01.2019, 12:15-12:30 ,28.87,21.97,24.14,809.171,996.763,998.485,"1,012.66",729.143,17.489,0,186.4125,1.2514
2,02.01.2019, 12:30-12:45 ,28.76,21.25,23.57,638.687,742.659,745.09,751.022,590.328,17.675,0,211.3178,1.0632
2,02.01.2019, 12:45-13:00 ,28.93,21.54,23.75,635.877,739.222,741.88,748.191,587.568,17.038,0,169.5407,1.3963
2,02.01.2019, 13:00-13:15 ,28.42,21.3,23.73,644.248,757.738,759.649,766.034,592.879,17.997,0,262.2962,1.6413
2,02.01.2019, 13:15-13:30 ,28.58,20.58,22.99,686.627,854.601,859.519,867.432,622.179,17.406,0,274.9776,1.6099
2,02.01.2019, 13:30-13:45 ,28.38,19.41,20.77,422.795,490.397,495.186,497.306,397.517,17.068,0,308.3699,1.8498
2,02.01.2019, 13:45-14:00 ,27.82,19.97,21.26,470.266,519.857,523.153,524.783,445.919,18.041,0,220.0136,1.635
2,02.01.2019, 14:00-14:15 ,28.31,20.66,22.86,578.4,699.896,706.07,709.764,534.133,17.293,0,280.8627,1.907
2,02.01.2019, 14:15-14:30 ,28.29,19.93,22.91,318.468,339.364,342.153,341.573,306.492,18.125,0,206.3582,1.2304
2,02.01.2019, 14:30-14:45 ,27.9,19.64,22.49,388.324,435.811,439.075,439.391,367.493,18.997,0,264.032,1.4508
2,02.01.2019, 14:45-15:00 ,28.09,20.35,23.22,412.569,522.066,528.55,529.744,377.893,18.822,0,245.6559,1.5821
2,02.01.2019, 15:00-15:15 ,28.14,20,23.06,413.584,539.95,549.864,549.607,380.229,19.33,0,219.5722,1.4728
2,02.01.2019, 15:15-15:30 ,29.21,20.59,23.29,456.283,595.044,607.854,605.624,420.222,17.862,0,151.6591,1.1168
2,02.01.2019, 15:30-15:45 ,29.17,20.32,23.39,390.086,505.854,518.373,514.373,361.311,17.077,0,206.556,1.373
2,02.01.2019, 15:45-16:00 ,29.14,19.97,23.28,364.672,472.173,484.985,480.585,338.75,17.023,0,218.833,1.3162
2,02.01.2019, 16:00-16:15 ,28.39,19.32,23.15,284.467,385.461,398.117,393.173,262.657,17.325,0,272.7446,1.972
2,02.01.2019, 16:15-16:30 ,27.74,19.39,22.88,220.911,302.836,313.681,309.176,205.198,18.966,0,259.7079,1.9091
2,02.01.2019, 16:30-16:45 ,27.67,19.37,22.89,149.957,209.723,218.335,214.253,139.495,19.211,0,171.9593,0.886
2,02.01.2019, 16:45-17:00 ,27.41,19.27,23.05,128.443,175.183,182.535,178.639,121.1,19.153,0,268.7912,1.4357
2,02.01.2019, 17:00-17:15 ,27.04,19.45,23.28,85.185,122.871,128.949,125.621,80.072,19.977,0,214.0088,1.2623
2,02.01.2019, 17:15-17:30 ,26.46,19.49,23.49,37.521,41.873,38.7,38.8,31.055,20.555,0,189.5626,1.2123
2,02.01.2019, 17:30-17:45 ,25.66,20.14,24.26,6.29,6.705,6.053,6.085,5.908,21.436,0,341.0133,1.6585
2,02.01.2019, 17:45-18:00 ,25.05,19.96,24.65,-1.496<,-1.615<,-1.416<,-1.436<,-1.209<,22.29,0,237.2083,0.8285
2,02.01.2019, 18:00-18:15 ,24.61,20.28,24.7,-3.968<,-4.208<,-3.750<,-3.832<,-3.514<,23.426,0,272.8684,1.2256
2,02.01.2019, 18:15-18:30 ,24.14,20.16,24.8,-3.811<,-4.039<,-3.606<,-3.672<,-3.753<,24.447,0,176.2556,0.6859
2,02.01.2019, 18:30-18:45 ,23.6,20.4,24.6,-3.656<,-3.869<,-3.460<,-3.491<,-3.743<,25.038,0,87.6472,0.6308
2,02.01.2019, 18:45-19:00 ,23.14,20.18,24.72,-3.061<,-3.225<,-2.883<,-2.930<,-3.248<,25.538,0,74.5853,0.5485
2,02.01.2019, 19:00-19:15 ,22.72,20.38,24.61,-3.477<,-3.672<,-3.292<,-3.326<,-3.593<,25.966,0,76.579,0.465
2,02.01.2019, 19:15-19:30 ,22.15,20.11,24.58,-4.058<,-4.328<,-3.852<,-3.884<,-4.064<,26.96,0,106.1695,0.4122
2,02.01.2019, 19:30-19:45 ,21.55,20.14,24.61,-4.611<,-4.902<,-4.371<,-4.410<,-4.454<,28.137,0,86.1985,0.4758
2,02.01.2019, 19:45-20:00 ,20.85,20.67,24.32,-4.711<,-5.040<,-4.487<,-4.513<,-4.498<,29.631,0,87.9654,0.5636
2,02.01.2019, 20:00-20:15 ,20.31,20.35,24.27,-4.306<,-4.601<,-4.098<,-4.140<,-3.904<,30.393,0,97.2833,0.5042
2,02.01.2019, 20:15-20:30 ,19.75,20.29,24.54,-4.062<,-4.324<,-3.866<,-3.918<,-3.972<,31.573,0,106.6513,0.352
2,02.01.2019, 20:30-20:45 ,19.02,20.34,24.53,-3.983<,-4.250<,-3.791<,-3.826<,-3.948<,33.551,0,117.863,0.4704
2,02.01.2019, 20:45-21:00 ,18.54,20.17,24.43,-3.685<,-3.923<,-3.497<,-3.545<,-3.562<,34.998,0,122.5805,0.4789
2,02.01.2019, 21:00-21:15 ,18.26,20.68,24.24,-3.197<,-3.353<,-3.023<,-3.101<,-3.265<,36.011,0,110.5105,0.4147
2,02.01.2019, 21:15-21:30 ,18.08,20.32,24.22,-3.161<,-3.349<,-2.979<,-3.036<,-3.029<,36.831,0,106.7947,0.48
2,02.01.2019, 21:30-21:45 ,17.78,19.96,24.3,-2.914<,-3.067<,-2.740<,-2.803<,-2.971<,38.131,0,108.6081,0.7039
2,02.01.2019, 21:45-22:00 ,17.71,20.07,24.29,-2.842<,-3.021<,-2.682<,-2.721<,-2.606<,38.284,0,104.4988,0.9144
2,02.01.2019, 22:00-22:15 ,17.13,19.95,24.1,-3.391<,-3.634<,-3.224<,-3.238<,-3.166<,38.285,0,101.8994,0.872
2,02.01.2019, 22:15-22:30 ,16.87,19.9,24.23,-2.888<,-3.075<,-2.740<,-2.762<,-2.739<,39.559,0,102.5516,0.9082
2,02.01.2019, 22:30-22:45 ,16.7,20.03,24.12,-2.702<,-2.867<,-2.555<,-2.622<,-2.855<,40.232,0,108.1282,0.7475
2,02.01.2019, 22:45-23:00 ,16.32,19.84,24.22,-2.949<,-3.118<,-2.791<,-2.851<,-2.992<,40.472,0,101.6732,0.695
2,02.01.2019, 23:00-23:15 ,16.12,19.86,24.25,-2.609<,-2.755<,-2.467<,-2.523<,-2.678<,41.291,0,109.8232,0.7998
2,02.01.2019, 23:15-23:30 ,15.81,19.93,24.05,-2.745<,-2.913<,-2.586<,-2.643<,-2.794<,42.046,0,101.777,0.8242
2,02.01.2019, 23:30-23:45 ,15.88,20.18,24.35,-2.239<,-2.320<,-2.081<,-2.147<,-2.309<,42.518,0,100.4669,1.1533
2,02.01.2019, 23:45-00:00 ,16.05,19.92,24.24,-2.243<,-2.347<,-2.095<,-2.181<,-2.555<,42.701,0,101.7916,0.7612
3,03.01.2019, 00:00-00:15 ,16,19.71,24.21,-2.899<,-3.091<,-2.753<,-2.810<,-2.804<,42.557,0,98.5596,0.5644
3,03.01.2019, 00:15-00:30 ,15.62,20.26,24.31,-2.691<,-2.867<,-2.552<,-2.619<,-2.872<,44.47,0,99.9473,0.5876
3,03.01.2019, 00:30-00:45 ,16.51,19.95,24.37,-1.582<,-1.603<,-1.443<,-1.573<,-1.619<,43.865,0,94.2283,0.6279
3,03.01.2019, 00:45-01:00 ,16.49,20.06,24.36,-2.957<,-3.141<,-2.787<,-2.862<,-2.678<,41.751,0,108.8439,0.7062
3,03.01.2019, 01:00-01:15 ,14.82,20.08,24.35,-3.907<,-4.204<,-3.743<,-3.774<,-3.692<,43.601,0,108.8993,0.7938
3,03.01.2019, 01:15-01:30 ,14.22,20.01,24.28,-2.996<,-3.187<,-2.822<,-2.875<,-2.971<,45.92,0,107.0278,1.1565
3,03.01.2019, 01:30-01:45 ,13.96,20.02,24.32,-2.494<,-2.597<,-2.313<,-2.383<,-2.633<,47.522,0,104.6318,1.1086
3,03.01.2019, 01:45-02:00 ,14.02,19.96,24.25,-2.250<,-2.355<,-2.105<,-2.171<,-2.442<,48.671,0,101.4815,1.2232
3,03.01.2019, 02:00-02:15 ,14.04,20.2,24.53,-2.063<,-2.139<,-1.921<,-2.003<,-2.360<,49.693,0,100.3794,0.9527
3,03.01.2019, 02:15-02:30 ,14.25,19.8,24.18,-2.085<,-2.170<,-1.952<,-2.017<,-2.223<,49.515,0,102.3054,1.118
3,03.01.2019, 02:30-02:45 ,14.32,20.18,24.45,-2.239<,-2.362<,-2.098<,-2.157<,-2.247<,49.392,0,103.3247,1.3026
3,03.01.2019, 02:45-03:00 ,14.45,20.06,24.29,-2.124<,-2.231<,-1.992<,-2.038<,-2.097<,49.209,0,95.7636,1.5177
3,03.01.2019, 03:00-03:15 ,13.95,19.95,24.37,-3.043<,-3.252<,-2.897<,-2.916<,-2.910<,49.035,0,99.037,1.1969
3,03.01.2019, 03:15-03:30 ,13.35,19.92,24.35,-2.806<,-2.975<,-2.661<,-2.701<,-2.848<,50.864,0,104.4743,1.159
3,03.01.2019, 03:30-03:45 ,12.99,19.84,24.32,-2.451<,-2.605<,-2.317<,-2.356<,-2.579<,51.653,0,104.3528,1.2622
3,03.01.2019, 03:45-04:00 ,12.83,20.25,24.48,-2.160<,-2.281<,-2.047<,-2.089<,-2.445<,52.943,0,94.5707,1.0367
3,03.01.2019, 04:00-04:15 ,12.99,19.79,24.45,-1.966<,-2.050<,-1.832<,-1.901<,-2.066<,54.494,0,95.8263,1.3572
3,03.01.2019, 04:15-04:30 ,13.01,20.17,24.37,-2.113<,-2.208<,-1.982<,-2.021<,-2.158<,56.033,0,90.6392,1.2102
3,03.01.2019, 04:30-04:45 ,12.93,19.96,24.27,-1.991<,-2.077<,-1.873<,-1.925<,-2.128<,56.473,0,100.6235,1.5232
3,03.01.2019, 04:45-05:00 ,12.77,20.03,24.34,-1.952<,-2.058<,-1.829<,-1.880<,-2.145<,57.326,0,104.5569,1.6261
3,03.01.2019, 05:00-05:15 ,8.46,13.26,16.2,-1.080<,-1.191<,-1.064<,-1.091<,-1.346<,38.667,0,101.1705,1.6946
3,03.01.2019, 05:15-05:30 ,12.73,20.14,24.34,-1.658<,-1.742<,-1.549<,-1.603<,-1.954<,57.779,0,105.5921,1.6717
3,03.01.2019, 05:30-05:45 ,12.82,20.01,24.29,-1.579<,-1.645<,-1.470<,-1.515<,-1.858<,57.654,0,102.5517,1.7472
3,03.01.2019, 05:45-06:00 ,13.04,19.91,24.28,-1.503<,-1.545<,-1.382<,-1.453<,-1.844<,57.299,0,102.3645,1.6857
3,03.01.2019, 06:00-06:15 ,13.15,20.26,24.47,-1.554<,-1.618<,-1.433<,-1.501<,-1.800<,56.713,0,104.6642,1.7566
3,03.01.2019, 06:15-06:30 ,13.14,19.74,24.29,-1.787<,-1.857<,-1.675<,-1.726<,-1.971<,56.238,0,104.4362,1.4738
3,03.01.2019, 06:30-06:45 ,13.01,20.07,24.39,-1.776<,-1.861<,-1.662<,-1.709<,-1.971<,55.848,0,107.2565,1.7561
3,03.01.2019, 06:45-07:00 ,12.77,20.07,24.57,1.575,1.699,1.515,1.521,0.905,56.297,0,103.5933,1.4072
3,03.01.2019, 07:00-07:15 ,12.67,19.85,24.37,11.234,12.035,10.805,10.906,8.408,56.664,0,102.5206,1.2424
3,03.01.2019, 07:15-07:30 ,13.04,20.1,24.41,41.424,59.094,52.897,59.969,30.543,56.084,0,95.4576,1.3609
3,03.01.2019, 07:30-07:45 ,13.78,20.22,24.6,86.412,123.815,112.832,124.472,66.359,53.407,0,99.1236,1.5255
3,03.01.2019, 07:45-08:00 ,14.64,19.78,24.8,144.101,203.807,194.357,204.301,110.803,50.32,0,102.0361,1.7188
3,03.01.2019, 08:00-08:15 ,15.37,19.26,24.03,154.503,214.771,205.237,214.899,119.122,47.122,0,109.8476,2.1139
3,03.01.2019, 08:15-08:30 ,15.68,18.97,23.39,160.366,216.825,208.458,217.074,128.289,45.821,0,111.2799,2.1784
3,03.01.2019, 08:30-08:45 ,17.38,19.61,22.94,313.735,425.464,412.6,427.593,253.641,42.297,0,113.5251,2.4836
3,03.01.2019, 08:45-09:00 ,19.88,19.88,23.17,428.217,555.661,540.843,558.232,356.021,35.15,0,123.0773,2.7601
3,03.01.2019, 09:00-09:15 ,21.87,19.51,39.64,468.525,592.605,579.144,595.569,397.09,30.296,0,136.0342,2.9746
3,03.01.2019, 09:15-09:30 ,23.38,20.26,22.99,493.724,605.757,594.565,608.817,427.343,29.207,0,138.4288,2.9966
3,03.01.2019, 09:30-09:45 ,23.73,19.45,22.53,342.896,401.699,396.264,403.624,305.775,30.763,0,147.2526,3.1349
3,03.01.2019, 09:45-10:00 ,24.04,19.79,22.75,485.048,573.303,565.732,575.709,432.234,32.566,0,144.1512,3.1592
3,03.01.2019, 10:00-10:15 ,24.56,19.42,22.54,491.59,576.971,570.249,580.051,440.727,32.794,0,141.7873,3.3381
3,03.01.2019, 10:15-10:30 ,25.27,19.56,22.64,449.681,528.077,523.422,532.342,406.479,32.235,0,144.3595,3.1424
3,03.01.2019, 10:30-10:45 ,25.55,19.24,22.36,470.495,549.225,544.493,552.325,426.568,32.961,0,145.8184,2.4707
3,03.01.2019, 10:45-11:00 ,26.32,20.08,22.89,564.413,670.967,666.073,676.198,509.57,31.778,0,140.6312,3.2229
3,03.01.2019, 11:00-11:15 ,26.91,20.35,23.22,535.131,619.141,615.664,623.535,489.652,30.428,0,160.9725,2.6285
3,03.01.2019, 11:15-11:30 ,27.37,20.59,23.42,588.479,708.2,704.285,713.381,532.531,29.436,0,155.8116,2.44
3,03.01.2019, 11:30-11:45 ,27.85,20.66,23.57,572.07,669.776,668.526,676.817,527.305,27.808,0,166.2273,2.2651
3,03.01.2019, 11:45-12:00 ,28.72,21.39,24.06,660.797,790.262,787.1,795.255,598.801,26.065,0,155.7906,2.0214
3,03.01.2019, 12:00-12:15 ,28.94,21.38,24.05,593.965,704.023,703.2,710.499,543.286,24.418,0,181.7152,2.3027
3,03.01.2019, 12:15-12:30 ,29.91,21.87,24.2,798.855,974.401,974.551,985.395,723.907,22.6,0,183.7499,2.0842
3,03.01.2019, 12:30-12:45 ,29.95,21.05,23.43,593.018,700.859,702.893,709.583,543.986,22.86,0,187.8029,2.2533
3,03.01.2019, 12:45-13:00 ,29.93,20.91,23.25,581.507,696.875,698.891,705.911,532.9,22.774,0,190.7999,2.293
3,03.01.2019, 13:00-13:15 ,30,20.79,23.07,739.76,905.276,908.854,917.798,673.234,23.293,0,209.523,2.3542
3,03.01.2019, 13:15-13:30 ,30.53,20.41,21.54,790.423,977.31,983.135,992.075,717.155,22.712,0,191.4505,2.3858
3,03.01.2019, 13:30-13:45 ,30.76,19.89,20.91,686.329,841.002,846.919,852.598,624.874,21.991,0,193.8997,2.2124
3,03.01.2019, 13:45-14:00 ,31.21,19.9,21.02,642.332,801.811,808.813,814.52,583.876,20.652,0,203.9298,1.91
3,03.01.2019, 14:00-14:15 ,31.41,20,20.21,681.285,856.983,866.36,870.933,620.171,20.154,0,212.1384,2.2154
3,03.01.2019, 14:15-14:30 ,31.78,20.21,20.1,610.33,779.137,789.458,793.658,558.005,19.37,0,211.8341,1.9049
3,03.01.2019, 14:30-14:45 ,31.78,20.52,20.32,586.807,756.135,767.315,768.841,534.474,19.1,0,205.5734,1.9919
3,03.01.2019, 14:45-15:00 ,31.85,20.13,19.95,546.595,710.046,722.02,722.096,498.801,18.417,0,209.0565,1.9347
3,03.01.2019, 15:00-15:15 ,31.88,20.02,19.75,497.596,651.95,665.138,663.607,455.628,17.731,0,219.9786,1.8453
3,03.01.2019, 15:15-15:30 ,31.98,20.35,19.91,448.407,596.674,610.6,607.607,409.85,17.371,0,205.0173,1.7119
3,03.01.2019, 15:30-15:45 ,31.97,19.43,19.53,392.221,530.555,544.384,539.959,358.21,17.921,0,203.5167,1.7225
3,03.01.2019, 15:45-16:00 ,31.7,19.15,19.22,340.388,469.572,483.859,478.284,311.294,18.308,0,206.4139,1.7587
3,03.01.2019, 16:00-16:15 ,31.3,18.91,19.45,286.652,405.457,420.096,414.287,261.783,18.295,0,203.9981,1.621
3,03.01.2019, 16:15-16:30 ,31.22,18.01,19.41,230.603,337.029,350.884,344.55,210.444,18.151,0,228.6857,1.6815
3,03.01.2019, 16:30-16:45 ,30.95,17.85,19.7,173.398,263.607,276.107,270.168,158.34,19.221,0,227.0044,1.2959
3,03.01.2019, 16:45-17:00 ,30.92,17.45,20.49,117.883,188.628,199.13,193.535,108.023,19.166,0,242.9499,1.0724
3,03.01.2019, 17:00-17:15 ,30.32,17.71,21.05,68.877,115.445,122.931,118.756,63.419,20.031,0,247.4,1.1959
3,03.01.2019, 17:15-17:30 ,29.32,17.61,21.58,30.445,47.923,47.441,48.448,26.247,21.563,0,238.4443,1.0451
3,03.01.2019, 17:30-17:45 ,28.05,17.94,22.33,6.114,6.539,5.94,5.935,4.225,23.447,0,247.2705,0.887
3,03.01.2019, 17:45-18:00 ,26.86,18.27,22.36,-3.215<,-3.511<,-3.101<,-3.060<,-2.814<,25.58,0,315.6645,1.6209
3,03.01.2019, 18:00-18:15 ,25.76,18.27,22.47,-4.299<,-4.574<,-4.084<,-4.171<,-3.924<,28.828,0,333.9474,1.6664
3,03.01.2019, 18:15-18:30 ,25.03,18.44,22.19,-4.291<,-4.551<,-4.067<,-4.168<,-3.931<,30.236,0,317.5424,1.2707
3,03.01.2019, 18:30-18:45 ,24.44,18.59,22.41,-4.467<,-4.775<,-4.248<,-4.304<,-4.068<,31.499,0,333.7454,0.8342
3,03.01.2019, 18:45-19:00 ,23.92,18.43,22.47,-4.159<,-4.405<,-3.937<,-3.993<,-3.911<,32.8,0,287.7109,0.8868
3,03.01.2019, 19:00-19:15 ,22.91,17.61,21.4,-3.811<,-4.039<,-3.596<,-3.651<,-3.716<,32.15,0,126.0743,0.548
3,03.01.2019, 19:15-19:30 ,23.05,18.47,22.13,-4.521<,-4.844<,-4.299<,-4.311<,-4.259<,34.113,0,80.33,0.3909
3,03.01.2019, 19:30-19:45 ,22.56,18.41,22.19,-3.886<,-4.119<,-3.671<,-3.726<,-3.911<,35.343,0,88.9858,0.4036
3,03.01.2019, 19:45-20:00 ,21.85,18.53,22.21,-4.040<,-4.308<,-3.838<,-3.897<,-4.064<,36.803,0,122.6301,0.514
3,03.01.2019, 20:00-20:15 ,21.22,18.48,22.14,-3.710<,-3.938<,-3.518<,-3.549<,-3.545<,39.255,0,95.1094,0.6064
3,03.01.2019, 20:15-20:30 ,21.14,18.51,21.98,-3.488<,-3.692<,-3.269<,-3.326<,-3.128<,39.284,0,93.1407,0.657
3,03.01.2019, 20:30-20:45 ,20.89,18.51,22.16,-3.254<,-3.449<,-3.091<,-3.118<,-2.917<,38.902,0,93.3827,0.626
3,03.01.2019, 20:45-21:00 ,20.58,18.52,22.34,-2.982<,-3.164<,-2.818<,-2.896<,-2.995<,39.398,0,103.0808,0.8663
3,03.01.2019, 21:00-21:15 ,20.23,18.49,22.27,-2.967<,-3.148<,-2.808<,-2.868<,-2.968<,40.326,0,102.7686,0.7945
3,03.01.2019, 21:15-21:30 ,19.91,18.84,22.8,-2.881<,-3.048<,-2.723<,-2.786<,-2.930<,40.741,0,99.5155,0.9559
3,03.01.2019, 21:30-21:45 ,19.63,18.81,22.61,-2.781<,-2.917<,-2.610<,-2.677<,-2.719<,41.56,0,93.397,1.0132
3,03.01.2019, 21:45-22:00 ,19.57,18.55,22.46,-2.684<,-2.836<,-2.559<,-2.636<,-2.732<,41.853,0,107.239,0.9419
3,03.01.2019, 22:00-22:15 ,18.85,18.33,22.42,-3.028<,-3.249<,-2.880<,-2.913<,-3.091<,43.39,0,107.651,1.01
3,03.01.2019, 22:15-22:30 ,18.48,18.49,22.49,-2.677<,-2.855<,-2.528<,-2.574<,-2.763<,44.658,0,108.4807,1.339
3,03.01.2019, 22:30-22:45 ,18.11,18.69,22.48,-2.774<,-2.956<,-2.631<,-2.650<,-2.879<,45.294,0,109.5943,1.0466
3,03.01.2019, 22:45-23:00 ,17.87,18.58,22.58,-2.648<,-2.805<,-2.504<,-2.550<,-2.770<,46.077,0,105.95,0.8358
3,03.01.2019, 23:00-23:15 ,17.84,18.76,22.83,-2.515<,-2.659<,-2.368<,-2.421<,-2.582<,46.188,0,102.707,0.7446
3,03.01.2019, 23:15-23:30 ,17.87,18.63,22.73,-1.999<,-2.081<,-1.856<,-1.938<,-2.227<,45.9,0,106.9054,1.2185
3,03.01.2019, 23:30-23:45 ,17.86,18.72,22.72,-1.920<,-2.015<,-1.801<,-1.870<,-2.186<,45.401,0,104.3268,1.519
3,03.01.2019, 23:45-00:00 ,17.67,18.58,22.85,,-2.324<,-2.078<,-2.120<,-2.449<,45.735,0,105.811,1.2691
4,04.01.2019, 00:00-00:15 ,17.75,18.42,22.55,-1.633<,-1.661<,-1.515<,-1.566<,-1.995<,45.276,0,102.8605,1.69
4,04.01.2019, 00:15-00:30 ,17.7,18.72,22.89,-2.078<,-2.189<,-1.965<,-2.003<,-2.336<,44.541,0,107.3743,1.313
4,04.01.2019, 00:30-00:45 ,17.51,18.52,22.61,-2.278<,-2.412<,-2.153<,-2.191<,-2.439<,44.532,0,106.3601,1.4172
4,04.01.2019, 00:45-01:00 ,17.06,18.42,22.92,-2.483<,-2.674<,-2.371<,-2.376<,-2.531<,45.339,0,107.0736,1.4561
4,04.01.2019, 01:00-01:15 ,16.79,18.58,22.62,-2.250<,-2.393<,-2.129<,-2.178<,-2.449<,46.215,0,105.8207,1.1264
4,04.01.2019, 01:15-01:30 ,16.85,17.7,22.66,-2.174<,-2.289<,-2.044<,-2.082<,-2.326<,45.98,0,103.4411,0.7227
4,04.01.2019, 01:30-01:45 ,16.94,18.49,22.4,-1.758<,-1.796<,-1.627<,-1.723<,-2.032<,44.898,0,108.6488,1.1214
4,04.01.2019, 01:45-02:00 ,16.84,18.66,22.66,-2.174<,-2.277<,-2.044<,-2.103<,-2.302<,44.949,0,104.4349,0.801
4,04.01.2019, 02:00-02:15 ,16.81,18.45,22.63,-2.024<,-2.100<,-1.897<,-1.949<,-2.083<,44.821,0,110.0175,1.0023
4,04.01.2019, 02:15-02:30 ,16.56,18.39,22.61,-2.411<,-2.582<,-2.293<,-2.308<,-2.350<,44.556,0,110.1063,1.0922
4,04.01.2019, 02:30-02:45 ,16.08,18.45,22.38,-2.332<,-2.482<,-2.224<,-2.256<,-2.411<,45.439,0,111.846,1.3883
4,04.01.2019, 02:45-03:00 ,15.64,18.18,22.31,-2.153<,-2.301<,-2.037<,-2.068<,-2.254<,46.223,0,111.8053,1.5199
4,04.01.2019, 03:00-03:15 ,15.41,18.45,22.47,-2.128<,-2.243<,-1.996<,-2.044<,-2.244<,46.872,0,105.9603,1.0375
4,04.01.2019, 03:15-03:30 ,15.42,18.19,22.37,-1.859<,-1.977<,-1.760<,-1.798<,-1.981<,46.299,0,111.4358,1.3167
4,04.01.2019, 03:30-03:45 ,15.42,18.24,22.42,-1.790<,-1.854<,-1.675<,-1.716<,-2.025<,45.848,0,108.9307,1.2151
4,04.01.2019, 03:45-04:00 ,15.51,18.44,22.29,-1.859<,-1.923<,-1.709<,-1.795<,-2.066<,45.488,0,106.3839,1.1034
4,04.01.2019, 04:00-04:15 ,15.54,18.13,22.32,-1.862<,-1.934<,-1.740<,-1.798<,-2.032<,45.178,0,107.5058,1.2662
4,04.01.2019, 04:15-04:30 ,15.57,18.41,22.05,-1.579<,-1.626<,-1.457<,-1.518<,-1.906<,44.956,0,109.1477,1.7936
4,04.01.2019, 04:30-04:45 ,15.44,18.44,22.48,-1.938<,-2.039<,-1.818<,-1.880<,-2.203<,45.083,0,108.423,1.5337
4,04.01.2019, 04:45-05:00 ,15.13,18.44,22.28,-2.078<,-2.185<,-1.955<,-1.986<,-2.203<,46.194,0,108.3149,1.6351
4,04.01.2019, 05:00-05:15 ,10.99,13.52,16.35,-1.328<,-1.387<,-1.238<,-1.282<,-1.469<,34.603,0,107.655,1.589
4,04.01.2019, 05:15-05:30 ,14.89,18.53,22.47,-1.762<,-1.861<,-1.655<,-1.689<,-1.855<,47.866,0,110.7698,2.0476
4,04.01.2019, 05:45-06:00 ,14.67,18.35,22.37,-1.726<,-1.827<,-1.617<,-1.644<,-1.844<,51.159,0,111.0231,1.7963
4,04.01.2019, 06:00-06:15 ,14.72,18.49,22.22,-1.561<,-1.661<,-1.470<,-1.532<,-1.844<,52.853,0,108.3914,1.5537
4,04.01.2019, 06:15-06:30 ,14.74,17.96,21.77,-1.611<,-1.680<,-1.498<,-1.538<,-1.817<,54.413,0,108.3089,1.5294
4,04.01.2019, 06:30-06:45 ,14.79,18.26,22.04,-1.460<,-1.538<,-1.365<,-1.429<,-1.691<,55.537,0,110.3927,1.7598
4,04.01.2019, 06:45-07:00 ,14.71,18.48,22.28,-0.850<,-0.882<,-0.785<,-0.821<,-1.168<,56.561,0,106.712,1.3812
4,04.01.2019, 07:00-07:15 ,14.64,18.09,22.46,3.384,3.584,3.224,3.251,2.964,58.15,0,110.0943,1.745
4,04.01.2019, 07:15-07:30 ,14.74,18.41,22.2,17.14,18.235,16.329,16.54,15.249,59.066,0,110.2405,1.9798
4,04.01.2019, 07:30-07:45 ,15.07,18.53,22.25,72.914,97.303,86.916,96.441,57.978,59.336,0,111.5983,2.3632
4,04.01.2019, 07:45-08:00 ,15.86,18.27,22.58,112.217,154.732,148.441,155.313,89.102,57.272,0,112.5163,2.3746
4,04.01.2019, 08:00-08:15 ,16.83,18.16,23.04,166.71,225.287,218.079,226.26,134.126,54.403,0,111.9891,2.2864
4,04.01.2019, 08:15-08:30 ,18.04,18.31,22.5,212.899,278.173,270.693,279.73,176.117,50.649,0,115.3015,2.2009
4,04.01.2019, 08:30-08:45 ,19.73,18.24,22.02,252.975,328.015,319.826,329.99,211.776,45.842,0,118.3811,2.2068
4,04.01.2019, 08:45-09:00 ,21.23,18.12,21.63,307.23,394.971,385.773,397.368,258.548,40.912,0,131.9741,2.279
4,04.01.2019, 09:00-09:15 ,22.25,18.74,22.01,374.912,485.48,474.654,488.509,315.683,37.993,0,134.7628,2.3762
4,04.01.2019, 09:15-09:30 ,23.4,18.44,21.77,408.454,521.175,511.191,524.609,348.542,34.852,0,140.2025,2.4818
4,04.01.2019, 09:30-09:45 ,24.45,18.22,21.59,457.933,581.815,572.033,586.113,393.234,32.209,0,142.1207,2.4194
4,04.01.2019, 09:45-10:00 ,25.39,18.49,21.27,509.369,644.57,635.145,649.716,440,29.931,0,149.6836,2.2355
4,04.01.2019, 10:00-10:15 ,26.44,20.44,22.4,538.371,677.067,668.809,683.33,469.419,27.362,0,148.9424,1.8066
4,04.01.2019, 10:15-10:30 ,27.39,21.41,23.45,581.256,729.842,722.286,737.036,509.32,25.306,0,171.1266,1.4949
4,04.01.2019, 10:30-10:45 ,27.98,19.69,21.27,610.205,763.422,756.885,771.662,537.036,23.883,0,197.7855,1.5218
4,04.01.2019, 10:45-11:00 ,28.6,19.32,21.32,645.07,804.852,798.912,813.747,570.038,22.45,0,201.9013,1.5489
4,04.01.2019, 11:00-11:15 ,28.94,20.29,22.42,669.408,833.938,829.492,844.164,594.269,21.556,0,231.2413,1.4961
4,04.01.2019, 11:15-11:30 ,29.55,20.27,22.06,695.192,865.222,862.204,877.166,620.461,20.423,0,274.7464,2.2075
4,04.01.2019, 11:30-11:45 ,29.65,20.28,21.68,712.361,884.52,882.549,896.974,638.128,20.228,0,301.969,2.7268
4,04.01.2019, 11:45-12:00 ,29.65,19.9,21.37,726.584,901.218,900.532,914.711,653.087,20.329,0,293.9235,2.643
4,04.01.2019, 12:00-12:15 ,29.91,19.77,20.58,723.437,895.118,895.711,908.858,652.807,20.016,0,290.9981,2.9198
4,04.01.2019, 12:15-12:30 ,30.04,20.23,22.3,724.464,895.318,897.097,909.275,655.697,19.812,0,296.9282,2.9288
4,04.01.2019, 12:30-12:45 ,30.13,20.11,22.28,718.012,887.588,890.43,902.065,650.96,19.748,0,299.9276,2.5721
4,04.01.2019, 12:45-13:00 ,30.19,19.1,20.75,710.165,877.819,881.331,891.72,643.798,19.853,0,295.8337,2.7768
4,04.01.2019, 13:00-13:15 ,30.33,19.45,22.1,701.46,867.464,872.549,882.4,638.046,19.854,0,302.2697,2.8737
4,04.01.2019, 13:15-13:30 ,30.34,18.93,21.83,680.757,842.967,849.15,857.856,620.499,20.514,0,295.9634,2.7757
4,04.01.2019, 13:30-13:45 ,30.41,20.62,22.94,656.993,814.906,822.566,830.465,600.516,20.506,0,293.4932,2.8893
4,04.01.2019, 13:45-14:00 ,30.22,19.67,21.37,631.826,787.11,795.063,801.467,578.19,21.792,0,292.737,3.0315
4,04.01.2019, 14:00-14:15 ,30.12,18.92,20.25,603.129,754.066,762.972,768.209,553.046,22.543,0,307.0861,2.5609
4,04.01.2019, 14:15-14:30 ,29.9,18.91,21.26,566.692,709.819,718.949,721.925,520.628,24.262,0,303.0262,3.1742
4,04.01.2019, 14:30-14:45 ,29.65,18.7,21.47,527.198,662.836,672.579,675.074,486.943,26.218,0,297.9027,3.4157
4,04.01.2019, 14:45-15:00 ,29.43,19.66,22.11,481.97,608.331,618.383,619.658,446.421,28.852,0,301.3611,3.3924
4,04.01.2019, 15:00-15:15 ,29.05,20.02,22.76,433.843,548.929,559.123,559.056,402.647,31.242,0,304.1702,3.5447
4,04.01.2019, 15:15-15:30 ,28.57,19.71,22.87,384.281,486.721,496.578,495.443,357.876,34.309,0,301.2557,3.4883
4,04.01.2019, 15:30-15:45 ,28.05,19.35,22.75,335.874,426.597,436.267,434.523,313.822,37.838,0,306.756,3.3228
4,04.01.2019, 15:45-16:00 ,27.47,19.52,5.34,288.393,369.796,379.512,377.039,270.239,39.352,0,302.1245,3.6849
4,04.01.2019, 16:00-16:15 ,27.11,19.28,22.64,242.411,314.462,323.913,321.227,227.633,39.974,0,298.3608,3.4897
4,04.01.2019, 16:15-16:30 ,26.78,19.24,22.67,193.297,251.888,260.089,257.34,182.281,42.207,0,299.1185,3.234
4,04.01.2019, 16:30-16:45 ,26.37,19.33,22.81,156.082,199.661,206.261,203.716,148.381,47.664,0,304.3571,3.6631
4,04.01.2019, 16:45-17:00 ,25.65,19.4,23.14,101.098,127.064,131.378,129.579,96.52,52.478,0,303.9985,3.9993
4,04.01.2019, 17:00-17:15 ,24.96,19.54,23.35,59.569,68.925,67.591,67.169,54.911,55.322,0,304.6427,3.8253
4,04.01.2019, 17:15-17:30 ,24.39,20.06,23.75,26.218,27.811,25.019,25.364,24.44,57.117,0,305.751,3.4787
4,04.01.2019, 17:30-17:45 ,23.97,19.62,24.4,6.48,6.767,6.097,6.297,6.984,59.417,0,303.2441,3.4625
4,04.01.2019, 17:45-18:00 ,23.6,19.96,24.82,-0.524<,-0.586<,-0.498<,-0.458<,-0.266<,63.576,0,299.998,4.0774
4,04.01.2019, 18:00-18:15 ,23.02,20.13,24.72,-2.386<,-2.551<,-2.265<,-2.267<,-2.152<,67.085,0,302.4941,3.7187
4,04.01.2019, 18:15-18:30 ,22.59,20.28,24.74,-2.548<,-2.705<,-2.405<,-2.410<,-2.316<,68.905,0,301.2814,3.1854
4,04.01.2019, 18:30-18:45 ,22.22,20,24.72,-2.347<,-2.482<,-2.211<,-2.232<,-2.251<,69.33,0,301.3974,3.0847
4,04.01.2019, 18:45-19:00 ,21.95,20.12,24.54,-2.253<,-2.362<,-2.112<,-2.147<,-2.135<,69.443,0,299.7095,3.137
4,04.01.2019, 19:00-19:15 ,21.8,20.1,24.54,-1.586<,-1.676<,-1.494<,-1.508<,-1.530<,69.505,0,299.9742,2.7835
4,04.01.2019, 19:15-19:30 ,21.56,20.19,24.54,-2.296<,-2.432<,-2.173<,-2.188<,-2.172<,68.751,0,298.036,2.4749
4,04.01.2019, 19:30-19:45 ,21.23,20.24,24.48,-2.777<,-2.960<,-2.634<,-2.646<,-2.561<,68.616,0,296.8418,2.0832
4,04.01.2019, 19:45-20:00 ,20.82,20.15,24.62,-2.709<,-2.875<,-2.569<,-2.591<,-2.524<,68.849,0,297.061,2.3359
4,04.01.2019, 20:00-20:15 ,20.45,20.17,24.58,-2.939<,-3.110<,-2.777<,-2.793<,-2.746<,68.048,0,292.2564,1.9303
4,04.01.2019, 20:15-20:30 ,20.09,20.4,24.53,-3.369<,-3.592<,-3.197<,-3.200<,-3.258<,68.655,0,272.8639,1.3415
4,04.01.2019, 20:30-20:45 ,19.74,20.13,24.37,-3.183<,-3.356<,-2.999<,-3.026<,-3.173<,68.858,0,265.0404,1.07
4,04.01.2019, 20:45-21:00 ,19.52,20.19,24.51,-2.734<,-2.882<,-2.566<,-2.609<,-2.801<,67.953,0,275.6416,1.3915
4,04.01.2019, 21:00-21:15 ,19.37,20.42,24.64,-3.043<,-3.218<,-2.859<,-2.896<,-2.944<,67.823,0,275.2376,1.1683
4,04.01.2019, 21:15-21:30 ,18.95,20.19,24.6,-2.982<,-3.125<,-2.805<,-2.885<,-3.467<,67.613,0,251.1342,0.8659
4,04.01.2019, 21:30-21:45 ,18.37,20.53,24.57,-3.226<,-3.407<,-3.050<,-3.108<,-3.470<,68.723,0,241.9014,1.0144
4,04.01.2019, 21:45-22:00 ,18.41,20.46,24.52,-2.210<,-2.277<,-2.030<,-2.147<,-2.650<,71.151,0,216.3101,1.2544
4,04.01.2019, 22:00-22:15 ,18.52,20.06,24.4,-2.408<,-2.505<,-2.231<,-2.328<,-2.664<,69.445,0,219.9064,1.1416
4,04.01.2019, 22:15-22:30 ,18.11,20.24,24.61,-2.960<,-3.110<,-2.777<,-2.855<,-3.402<,68.807,0,236.7226,0.8684
4,04.01.2019, 22:30-22:45 ,17.51,20.32,24.58,-3.276<,-3.434<,-3.095<,-3.162<,-3.719<,69.495,0,250.9094,0.6049
4,04.01.2019, 22:45-23:00 ,17.38,20.53,24.64,-2.641<,-2.740<,-2.450<,-2.533<,-2.749<,71.335,0,217.0639,1.2547
4,04.01.2019, 23:00-23:15 ,17.56,20.37,24.69,-3.122<,-3.283<,-2.900<,-2.971<,-2.821<,69.831,0,209.9199,1.0926
4,04.01.2019, 23:15-23:30 ,17.54,20.23,24.64,-2.325<,-2.412<,-2.156<,-2.270<,-2.787<,69.728,0,220.107,1.2424
4,04.01.2019, 23:30-23:45 ,17.21,20.5,24.58,-3.613<,-3.838<,-3.419<,-3.453<,-3.371<,69.041,0,156.9314,0.9937
4,04.01.2019, 23:45-00:00 ,16.03,20.04,24.55,-4.625<,-4.956<,-4.408<,-4.403<,-4.187<,70.926,0,119.7642,0.6765
5,05.01.2019, 00:00-00:15 ,15.54,19.76,24.49,-3.599<,-3.792<,-3.402<,-3.463<,-3.555<,73.353,0,142.1451,0.7639
5,05.01.2019, 00:15-00:30 ,14.53,19.14,23.58,-2.982<,-3.110<,-2.805<,-2.899<,-3.221<,72.203,0,125.7555,0.8295
5,05.01.2019, 00:30-00:45 ,14.79,19.92,24.5,-2.662<,-2.767<,-2.474<,-2.591<,-2.988<,76.168,0,140.8983,0.8795
5,05.01.2019, 00:45-01:00 ,14.69,19.92,24.28,-2.820<,-2.975<,-2.651<,-2.718<,-2.903<,77.272,0,110.6099,0.8399
5,05.01.2019, 01:00-01:15 ,14.69,20.11,24.32,-2.433<,-2.539<,-2.272<,-2.373<,-2.712<,78.035,0,127.8838,0.8989
5,05.01.2019, 01:15-01:30 ,3.34,4.62,5.77,-0.599<,-0.628<,-0.563<,-0.581<,-0.663<,18.209,0,111.4768,1.0731
5,05.01.2019, 01:30-01:45 ,14.06,20.01,24.42,-2.436<,-2.513<,-2.259<,-2.386<,-2.766<,78.715,0,135.8661,0.951
5,05.01.2019, 01:45-02:00 ,14.04,19.92,24.32,-2.020<,-2.085<,-1.876<,-1.993<,-2.514<,79.713,0,131.0818,0.993
5,05.01.2019, 02:00-02:15 ,14.1,20.12,24.53,-2.167<,-2.266<,-2.027<,-2.106<,-2.500<,80.271,0,122.0446,1.0816
5,05.01.2019, 02:15-02:30 ,13.89,19.82,24.45,-2.404<,-2.532<,-2.248<,-2.318<,-2.568<,80.489,0,121.3521,1.2446
5,05.01.2019, 02:30-02:45 ,13.77,20.03,24.46,-1.887<,-1.915<,-1.740<,-1.863<,-2.425<,81.336,0,139.5848,1.2017
5,05.01.2019, 02:45-03:00 ,13.77,19.82,24.38,-1.816<,-1.857<,-1.685<,-1.802<,-2.370<,82.183,0,134.8819,1.1026
5,05.01.2019, 03:00-03:15 ,13.64,20,24.44,-2.185<,-2.301<,-2.054<,-2.113<,-2.415<,82.368,0,119.9411,1.2169
5,05.01.2019, 03:15-03:30 ,13.48,20.15,24.37,-2.214<,-2.343<,-2.085<,-2.126<,-2.387<,82.95,0,118.264,1.2338
5,05.01.2019, 03:30-03:45 ,13.35,20.07,24.52,-2.081<,-2.158<,-1.934<,-2.007<,-2.322<,83.525,0,122.2401,1.1656
5,05.01.2019, 03:45-04:00 ,13.24,19.83,24.38,-2.034<,-2.143<,-1.934<,-1.983<,-2.305<,84.037,0,122.0879,1.1462
5,05.01.2019, 04:00-04:15 ,13.19,20.05,24.41,-1.790<,-1.830<,-1.634<,-1.737<,-2.158<,84.681,0,129.5947,1.1814
5,05.01.2019, 04:15-04:30 ,13.19,19.87,24.39,-1.701<,-1.750<,-1.580<,-1.658<,-2.097<,85.144,0,128.9111,1.3396
5,05.01.2019, 04:30-04:45 ,13.24,19.91,24.41,-1.722<,-1.769<,-1.590<,-1.675<,-2.049<,85.56,0,125.6129,1.2162
5,05.01.2019, 04:45-05:00 ,13.09,20.01,24.44,-2.106<,-2.254<,-1.992<,-2.017<,-2.131<,85.428,0,114.9832,1.3885
5,05.01.2019, 05:00-05:15 ,9.55,14.67,17.96,-1.220<,,-1.126<,-1.193<,-1.482<,62.949,0,128.1297,1.2576
5,05.01.2019, 05:15-05:30 ,12.96,19.97,24.5,-1.582<,-1.615<,-1.460<,-1.497<,-1.947<,86.03,0,128.1711,1.3066
5,05.01.2019, 05:30-05:45 ,13.04,19.78,24.25,-1.568<,-1.645<,-1.457<,-1.508<,-1.749<,86.553,0,114.6809,1.5131
5,05.01.2019, 05:45-06:00 ,13.1,20.01,24.39,-1.572<,-1.642<,-1.464<,-1.515<,-1.776<,86.801,0,115.6341,1.6608
5,05.01.2019, 06:00-06:15 ,12.68,19.47,23.54,-1.776<,-1.803<,-1.658<,-1.703<,-1.868<,84.151,0,109.3227,1.5001
5,05.01.2019, 06:15-06:30 ,13.14,20.1,24.45,-1.661<,-1.696<,-1.474<,-1.651<,-2.073<,87.324,0,133.6137,1.2811
5,05.01.2019, 06:30-06:45 ,13.12,20.01,24.31,-1.966<,-2.054<,-1.832<,-1.891<,-2.114<,87.432,0,122.5227,1.1083
5,05.01.2019, 06:45-07:00 ,12.56,20.04,24.45,-0.890<,-0.940<,-0.822<,-0.844<,-0.967<,87.372,0,108.6821,1.2848
5,05.01.2019, 07:00-07:15 ,12.89,20.1,24.54,6.387,6.782,6.093,6.144,5.42,87.575,0,110.8049,1.5551
5,05.01.2019, 07:15-07:30 ,12.76,19.78,24.45,32.53,41.669,37.284,39.932,24.027,87.457,0,108.2833,1.8143
5,05.01.2019, 07:30-07:45 ,12.84,20.29,24.59,73.247,117.41,102.924,117.795,58.197,87.503,0,109.5372,1.873
5,05.01.2019, 07:45-08:00 ,12.97,20.01,24.83,132.91,204.786,197.11,205.945,99.942,87.138,0,109.8111,1.82
5,05.01.2019, 08:00-08:15 ,14.27,19.35,24.16,196.527,294.817,284.418,297.026,142.309,86.1,0,111.7643,2.2763
5,05.01.2019, 08:15-08:30 ,15.31,19.24,23.21,259.236,376.99,364.36,379.894,197.08,84.008,0,113.0068,2.1762
5,05.01.2019, 08:30-08:45 ,16.53,19.54,22.97,318.916,451.191,437.114,454.612,242.032,79.217,0,118.7655,2.0794
5,05.01.2019, 08:45-09:00 ,17.87,19.41,23.05,380.94,525.665,510.826,529.726,304.556,71.875,0,133.8576,2.0075
5,05.01.2019, 09:00-09:15 ,19.12,19.22,22.93,435.888,590.644,575.162,594.53,355.212,65.675,0,148.8986,1.7304
5,05.01.2019, 09:15-09:30 ,20.35,20.33,23.14,485.429,649.711,633.579,653.097,402.319,60.547,0,158.8415,1.6433
5,05.01.2019, 09:30-09:45 ,21.17,20.06,22.92,533.811,706.339,689.645,709.118,447.951,56.461,0,165.7722,1.5399
5,05.01.2019, 09:45-10:00 ,21.99,20.37,23.03,578.748,758.798,741.73,760.995,490.26,52.72,0,175.3924,1.489
5,05.01.2019, 10:00-10:15 ,22.72,20.83,23.36,620.05,806.909,790.31,809.094,529.846,49.493,0,182.7589,1.1808
5,05.01.2019, 10:15-10:30 ,23,21.28,23.92,657.194,847.403,832.364,850.715,565.639,47.579,0,216.1983,1.4611
5,05.01.2019, 10:30-10:45 ,23.57,21.67,24.3,688.694,881.619,869.178,887.015,597.613,45.119,0,207.2824,1.0347
5,05.01.2019, 10:45-11:00 ,24.3,21.91,24.49,715.633,910.05,900.925,918.438,625.386,42.147,0,287.6985,1.2181
5,05.01.2019, 11:00-11:15 ,24.6,21.88,24.29,735.899,930.771,925.633,934.489,647.541,41.262,0,273.1037,1.0919
5,05.01.2019, 11:30-11:45 ,25.2,21.77,24.11,770.624,969.191,966.24,876.482,683.128,38.996,0,310.1452,1.3601
5,05.01.2019, 11:45-12:00 ,25.4,21.82,23.98,781.399,982.316,978.796,882.509,694.467,38.006,0,317.4423,1.6425
5,05.01.2019, 12:00-12:15 ,25.75,20.99,23.13,789.742,993.514,989.973,888.79,703.299,35.924,0,277.869,1.2572
5,05.01.2019, 12:15-12:30 ,26.29,20.08,21.53,791.6,994.613,992.255,886.803,706.673,34.446,0,252.5814,1.1241
5,05.01.2019, 12:30-12:45 ,26.85,20.06,21.17,785.479,984.871,985.131,879.084,702.462,32.449,0,195.8565,1.2469
5,05.01.2019, 12:45-13:00 ,27.51,19.8,20.64,778.245,975.16,977.298,873.668,696.513,30.213,0,189.6301,1.234
5,05.01.2019, 13:00-13:15 ,27.92,19.82,20.13,766.103,959.206,964.227,864.424,687.217,28.958,0,134.966,1.2452
5,05.01.2019, 13:15-13:30 ,27.76,19.96,20.03,746.821,934.794,941.375,848.434,670.598,28.85,0,148.8295,1.2977
5,05.01.2019, 13:30-13:45 ,27.79,20.03,20.14,721.389,905.152,913.678,829.296,648.805,28.504,0,280.3292,1.4074
5,05.01.2019, 13:45-14:00 ,27.95,19.93,19.82,692.095,870.832,880.314,804.848,625,28.149,0,199.1907,1.2249
5,05.01.2019, 14:00-14:15 ,28.56,19.8,19.73,662.479,838.505,848.485,783.75,598.668,26.877,0,125.1155,1.1879
5,05.01.2019, 14:15-14:30 ,28.99,20.11,19.86,618.622,788.971,798.594,747.032,560.219,25.575,0,147.2177,1.1904
5,05.01.2019, 14:30-14:45 ,28.47,19.82,19.67,578.855,744.763,755.302,715.313,525.741,26.471,0,277.7743,1.4252
5,05.01.2019, 14:45-15:00 ,28.76,19.8,19.52,537.646,697.202,708.649,681.402,488.306,25.628,0,198.3854,1.1728
5,05.01.2019, 15:00-15:15 ,28.06,19.38,19.32,496.595,650.559,662.416,649.354,452.462,26.709,0,332.5561,1.9828
5,05.01.2019, 15:15-15:30 ,28.23,19.86,19.46,450.362,597.087,609.106,609.754,410.915,26.463,0,265.6543,1.2662
5,05.01.2019, 15:30-15:45 ,28.27,19.7,19.49,396.72,532.139,544.405,558.797,363.152,25.788,0,310.4864,1.4612
5,05.01.2019, 15:45-16:00 ,27.86,19.39,19.41,342.781,466.967,479.304,505.644,314.539,26.478,0,318.6322,1.7916
5,05.01.2019, 16:00-16:15 ,27.5,18.18,19.47,287.614,400.062,412.439,449.709,264.457,27.515,0,320.9363,1.5606
5,05.01.2019, 16:15-16:30 ,27.44,17.31,20.08,233.437,334.035,346.233,392.01,215.751,26.724,0,248.6876,1.8381
5,05.01.2019, 16:30-16:45 ,27.44,17.39,20.89,173.94,255.904,266.82,314.256,160.919,27.254,0,216.8144,1.5218
5,05.01.2019, 16:45-17:00 ,26.11,17.04,21.22,118.407,178.478,186.162,229.111,109.863,34.008,0,316.3694,2.5465
5,05.01.2019, 17:00-17:15 ,25.09,17.52,21.38,73.391,114.092,118.946,153.853,68.712,36.966,0,320.5996,2.4514
5,05.01.2019, 17:15-17:30 ,24.51,17.55,21.58,35.727,50.389,47.352,68.109,31.633,38.552,0,323.8087,2.0362
5,05.01.2019, 17:30-17:45 ,23.86,17.96,22.22,9.437,10.22,9.14,9.368,7.746,40.763,0,315.3372,1.9737
5,05.01.2019, 17:45-18:00 ,23.28,18.31,22.7,-1.536<,-1.565<,-1.457<,-1.309<,-1.612<,42.757,0,318.9012,1.8777
5,05.01.2019, 18:00-18:15 ,22.82,18.39,22.78,-3.193<,-3.329<,-3.009<,-2.875<,-3.200<,44.522,0,325.7884,1.7429
5,05.01.2019, 18:15-18:30 ,22.38,18.74,22.65,-3.366<,-3.514<,-3.197<,-3.026<,-3.289<,46.115,0,326.432,1.5994
5,05.01.2019, 18:30-18:45 ,21.94,18.96,22.98,-3.297<,-3.472<,-3.122<,-2.978<,-3.292<,47.633,0,317.1292,1.4003
5,05.01.2019, 18:45-19:00 ,21.52,19.09,23.23,-3.183<,-3.329<,-2.985<,-2.865<,-3.173<,49.192,0,320.1748,1.4794
5,05.01.2019, 19:00-19:15 ,21.08,18.73,23.43,-2.989<,-3.118<,-2.801<,-2.684<,-2.992<,50.908,0,315.9653,1.7985
5,05.01.2019, 19:15-19:30 ,20.89,18.7,23.05,-2.573<,-2.690<,-2.405<,-2.308<,-2.691<,52.661,0,319.4676,1.8358
5,05.01.2019, 19:30-19:45 ,20.58,18.3,22.43,-2.914<,-3.067<,-2.750<,-2.622<,-2.995<,54.207,0,304.2899,1.3568
5,05.01.2019, 19:45-20:00 ,20.21,18.88,22.32,-2.939<,-3.110<,-2.784<,-2.643<,-2.917<,56.248,0,306.3396,1.3884
5,05.01.2019, 20:00-20:15 ,19.9,18.08,22.36,-3.190<,-3.418<,-3.026<,-2.862<,-3.033<,57.844,0,305.9733,1.1532
5,05.01.2019, 20:15-20:30 ,19.55,18.9,22.66,-3.244<,-3.426<,-3.050<,-2.909<,-3.145<,59.195,0,311.3308,0.9931
5,05.01.2019, 20:30-20:45 ,19.02,18.86,22.64,-3.624<,-3.931<,-3.453<,-3.272<,-3.296<,60.607,0,303.6804,0.9106
5,05.01.2019, 20:45-21:00 ,18.8,18.69,22.93,-3.219<,-3.414<,-3.030<,-2.875<,-3.016<,62.792,0,312.4963,0.665
5,05.01.2019, 21:00-21:15 ,18.87,18.88,23.03,-2.587<,-2.682<,-2.429<,-2.294<,-2.736<,63.773,0,328.2398,0.6383
5,05.01.2019, 21:15-21:30 ,18.69,18.44,22.36,-3.258<,-3.468<,-3.077<,-2.909<,-3.200<,64.22,0,330.8412,0.3911
5,05.01.2019, 21:30-21:45 ,18.4,18.72,22.56,-3.276<,-3.507<,-3.095<,-2.968<,-3.292<,64.927,0,138.326,0.3888
5,05.01.2019, 21:45-22:00 ,18.08,18.89,22.7,-3.046<,-3.237<,-2.873<,-2.762<,-3.149<,65.861,0,138.5573,0.2457
5,05.01.2019, 22:00-22:15 ,17.65,18.71,22.9,-2.824<,-3.006<,-2.668<,-2.544<,-2.995<,65.657,0,274.4042,0.5428
5,05.01.2019, 22:15-22:30 ,16.89,18.66,23.22,-2.967<,-3.179<,-2.822<,-2.694<,-2.879<,66.857,0,280.3226,0.5548
5,05.01.2019, 22:30-22:45 ,16.75,18.7,22.81,-2.490<,-2.636<,-2.354<,-2.243<,-2.620<,68.211,0,312.9726,0.6714
5,05.01.2019, 22:45-23:00 ,16.73,18.1,,-2.461<,-2.559<,-2.289<,-2.178<,-2.541<,70.213,0,334.0675,0.6802
5,05.01.2019, 23:00-23:15 ,16.75,18.49,22.48,-2.813<,-2.971<,-2.641<,-2.496<,-2.777<,71.527,0,338.4014,0.6887
5,05.01.2019, 23:15-23:30 ,16.89,18.33,22.58,-2.641<,-2.775<,-2.467<,-2.345<,-2.818<,72.674,0,250.6459,0.5202
5,05.01.2019, 23:30-23:45 ,16.24,18.66,22.76,-3.201<,-3.407<,-3.033<,-2.889<,-3.241<,72.327,0,235.3062,0.5256
5,05.01.2019, 23:45-00:00 ,15.62,18.66,22.56,-3.290<,-3.518<,-3.118<,-2.971<,-3.204<,72.464,0,260.9964,0.307
6,06.01.2019, 00:00-00:15 ,15.57,18.3,22.8,-3.079<,-3.276<,-2.907<,-2.762<,-2.992<,73.82,0,184.8428,0.2242
6,06.01.2019, 00:15-00:30 ,15.37,18.87,22.65,-3.036<,-3.206<,-2.859<,-2.738<,-2.821<,74.047,0,87.5286,0.322
6,06.01.2019, 00:30-00:45 ,15.05,18.2,22.66,-3.000<,-3.198<,-2.839<,-2.684<,-2.749<,74.911,0,140.7697,0.335
6,06.01.2019, 00:45-01:00 ,14.74,18.84,22.67,-2.989<,-3.187<,-2.835<,-2.680<,-2.773<,74.571,0,100.9942,0.7262
6,06.01.2019, 01:00-01:15 ,14.05,18.56,22.61,-2.802<,-2.963<,-2.648<,-2.523<,-2.937<,75.363,0,104.7855,0.8232
6,06.01.2019, 01:15-01:30 ,13.64,18.8,22.67,-2.734<,-2.879<,-2.590<,-2.475<,-2.958<,75.789,0,111.5454,0.75
6,06.01.2019, 01:30-01:45 ,13.36,18.72,22.59,-2.738<,-2.902<,-2.579<,-2.482<,-2.923<,76.908,0,102.1194,0.6538
6,06.01.2019, 01:45-02:00 ,13.46,18.53,22.63,-2.612<,-2.759<,-2.453<,-2.345<,-2.620<,78.544,0,100.4654,0.5018
6,06.01.2019, 02:00-02:15 ,13.35,18.66,22.81,-2.447<,-2.578<,-2.300<,-2.185<,-2.357<,78.99,0,88.9558,0.8563
6,06.01.2019, 02:15-02:30 ,13.43,18.76,22.6,-2.497<,-2.644<,-2.347<,-2.222<,-2.380<,79.706,0,98.2272,0.7171
6,06.01.2019, 02:30-02:45 ,13.02,18.17,22.61,-2.275<,-2.424<,-2.149<,-2.048<,-2.247<,79.598,0,106.0803,0.8066
6,06.01.2019, 02:45-03:00 ,12.92,18.53,22.55,-0.319<,-0.308<,-0.287<,-0.239<,-0.598<,80.303,0,110.1929,0.6115
6,06.01.2019, 03:00-03:15 ,13.32,18.29,22.34,0.585,0.69,0.607,0.588,0.133,81.327,0,99.7974,0.6456
6,06.01.2019, 03:15-03:30 ,13.69,18.61,22.6,-0.140<,-0.119<,-0.106<,-0.120<,-0.423<,82.195,0,112.7737,0.8575
6,06.01.2019, 03:30-03:45 ,13.63,18.19,22.33,-0.413<,-0.428<,-0.382<,-0.376<,-0.611<,84.783,0,98.188,0.8719
6,06.01.2019, 03:45-04:00 ,13.51,18.3,22.56,-0.596<,-0.613<,-0.546<,-0.520<,-0.758<,86.867,0,100.5961,1.029
6,06.01.2019, 04:00-04:15 ,13.56,18.27,22.19,-0.230<,-0.208<,-0.181<,-0.178<,-0.502<,88.89,0,97.5068,1.2636
6,06.01.2019, 04:15-04:30 ,13.73,18.33,22.47,-0.176<,-0.143<,-0.133<,-0.133<,-0.393<,89.858,0,102.9126,1.5189
6,06.01.2019, 04:30-04:45 ,13.53,18.29,22.19,-0.524<,-0.570<,-0.505<,-0.448<,-0.523<,90.146,0,102.0963,1.5475
6,06.01.2019, 04:45-05:00 ,13.07,18.4,22.56,-0.710<,-0.775<,-0.679<,-0.636<,-0.779<,90.556,0,95.7407,1.7489
6,06.01.2019, 05:00-05:15 ,8.42,12.26,14.99,-0.746<,-0.798<,-0.710<,-0.663<,-0.755<,60.717,0,105.3464,1.5582
6,06.01.2019, 05:15-05:30 ,12.36,18.18,21.39,-1.112<,-1.202<,-1.058<,-0.988<,-1.130<,91.507,0,106.6692,1.1912
6,06.01.2019, 05:30-05:45 ,12.13,18.52,22.25,-1.231<,-1.295<,-1.160<,-1.077<,-1.387<,88.698,0,113.0245,0.8774
6,06.01.2019, 05:45-06:00 ,11.85,18.58,22.22,-1.306<,-1.387<,-1.235<,-1.156<,-1.387<,88.926,0,109.7005,1.3818
6,06.01.2019, 06:00-06:15 ,11.63,18.7,22.37,-1.762<,-1.869<,-1.651<,-1.569<,-1.783<,89.164,0,100.6581,1.117
6,06.01.2019, 06:15-06:30 ,11.35,18.28,22.47,-1.959<,-2.077<,-1.849<,-1.764<,-1.930<,92.322,0,99.5869,1.2305
6,06.01.2019, 06:30-06:45 ,11.1,18.72,22.45,-1.790<,-1.904<,-1.689<,-1.600<,-1.817<,92.58,0,108.7533,1.2971
6,06.01.2019, 06:45-07:00 ,10.95,18.55,22.48,-0.538<,-0.559<,-0.498<,-0.410<,-0.792<,92.68,0,110.4862,0.8348
6,06.01.2019, 07:00-07:15 ,10.76,18.41,22.24,6.193,6.597,5.926,6.031,5.092,92.761,0,132.8956,0.5804
6,06.01.2019, 07:15-07:30 ,10.97,18.53,22.48,36.537,54.539,48.813,76.79,26.298,93.4,0,158.4776,0.5898
6,06.01.2019, 07:30-07:45 ,11.38,18.42,22.36,89.63,140.004,129.164,191.956,60.167,92.955,0,132.7934,0.7579
6,06.01.2019, 07:45-08:00 ,11.91,18.64,23.09,149.171,228.293,218.632,296.609,106.783,93.055,0,134.4962,0.9662
6,06.01.2019, 08:00-08:15 ,12.76,19.72,23.35,208.066,309.013,297.608,379.111,155.71,92.82,0,126.5203,1.1645
6,06.01.2019, 08:15-08:30 ,13.61,19.48,22.64,267.395,382.717,369.485,448.793,204.99,92.192,0,131.9038,1.1457
6,06.01.2019, 08:30-08:45 ,14.56,19.28,22.33,318.016,442.1,428.646,495.515,251.602,90.914,0,129.4859,1.5484
6,06.01.2019, 08:45-09:00 ,15.24,19.67,22.8,374.284,509.522,494.759,549.511,304.641,88.665,0,121.7382,1.7103
6,06.01.2019, 09:00-09:15 ,16.49,19.81,23,426.541,571.819,557.301,597.299,352.346,84.728,0,131.7586,1.6253
6,06.01.2019, 09:15-09:30 ,18.07,19.76,22.86,476.308,631.565,617.704,640.827,398.405,76.416,0,135.5407,1.7354
6,06.01.2019, 09:30-09:45 ,19.47,20.05,22.94,521.27,686.096,671.897,677.986,441.288,68.974,0,142.8733,1.6529
6,06.01.2019, 09:45-10:00 ,20.98,20.03,22.77,564.277,736.089,722.484,711.566,481.554,61.415,0,162.4928,1.4385
6,06.01.2019, 10:00-10:15 ,21.8,20.28,22.89,603.71,779.287,767.107,740.434,517.76,57.347,0,196.3694,1.6066
6,06.01.2019, 10:15-10:30 ,22.46,20.73,23.27,643.308,822.971,811.597,769.894,554.867,55.237,0,204.1646,1.882
6,06.01.2019, 10:30-10:45 ,23.02,21.1,23.72,674.047,855.769,845.909,791.053,586.202,53.508,0,199.9029,2.2682
6,06.01.2019, 10:45-11:00 ,23.89,21.63,24.25,710.944,894.116,885.8,815.46,623.692,48.394,0,165.7952,2.3497
6,06.01.2019, 11:00-11:15 ,24.47,21.98,24.61,721.869,904.709,898.321,819.214,635.912,45.134,0,192.8873,2.4342
6,06.01.2019, 11:15-11:30 ,24.76,20.83,23.22,724.022,900.532,895.674,804.797,642.367,43.835,0,183.7247,2.1737
6,06.01.2019, 11:30-11:45 ,25.02,21.42,23.54,770.405,962.709,958.045,864.906,685.355,38.146,0,189.815,2.896
6,06.01.2019, 11:45-12:00 ,25.21,22.07,24.48,768.654,954.775,950.764,847.685,687.165,36.914,0,191.0154,2.5513
6,06.01.2019, 12:00-12:15 ,25.28,20.53,22.45,779.839,977.006,974.046,874.28,697.538,38.964,0,199.3176,2.3313
6,06.01.2019, 12:15-12:30 ,25.53,19.77,20.63,782.131,977.541,976.285,871.169,700.666,37.043,0,196.1473,2.4136
6,06.01.2019, 12:30-12:45 ,25.82,19.64,20.06,788.583,984.435,985.578,876.605,707.35,34.64,0,194.6284,2.5291
6,06.01.2019, 12:45-13:00 ,25.87,20.45,20.23,775.529,965.222,968.448,858.848,695.997,33.726,0,201.3822,2.4776
6,06.01.2019, 13:00-13:15 ,26.18,20.36,20.22,767.305,952.902,958.437,848.256,689.32,33.065,0,201.1886,2.4519
6,06.01.2019, 13:15-13:30 ,26.15,19.97,19.98,759.785,945.699,953.347,849.197,682.316,33.445,0,206.9403,2.9296
6,06.01.2019, 13:30-13:45 ,26.48,20.1,19.95,737.262,920.767,930.587,835.159,663.593,32.736,0,201.5731,2.6135
6,06.01.2019, 13:45-14:00 ,26.86,19.69,19.75,711.794,890.64,901.375,814.632,642.602,30.889,0,207.3961,2.1792
6,06.01.2019, 14:00-14:15 ,27.66,20.24,19.85,668.489,836.909,844.551,763.962,606.257,27.411,0,196.2674,2.2136
6,06.01.2019, 14:15-14:30 ,27.5,20.08,19.84,586.659,743.314,752.023,693.015,533.412,27.219,0,201.6806,1.8962
6,06.01.2019, 14:30-14:45 ,27.94,19.31,19.32,601.798,774.609,784.77,738.205,547.196,26.781,0,197.3757,1.8322
6,06.01.2019, 14:45-15:00 ,28.13,20.17,19.67,538.787,702.17,713.385,686.003,490.133,24.694,0,181.6165,1.9077
6,06.01.2019, 15:00-15:15 ,28.01,19.72,19.61,499.02,658.32,670.017,656.585,453.596,24.001,0,189.569,2.3136
6,06.01.2019, 15:15-15:30 ,27.79,19.57,19.25,457.84,612.212,624.701,626.882,416.708,23.312,0,192.053,2.0446
6,06.01.2019, 15:30-15:45 ,28.02,19.58,19.32,419.695,568.894,582.033,597.938,382.869,22.591,0,191.5164,2.0563
6,06.01.2019, 15:45-16:00 ,27.68,19.3,19.22,362.975,500.185,513.845,543.316,332.172,22.126,0,179.1883,2.22
6,06.01.2019, 16:00-16:15 ,27.72,18.52,19.19,303.244,427.588,440.979,481.306,278.774,22.299,0,188.0753,1.9089
6,06.01.2019, 16:15-16:30 ,27.64,17.85,19.85,257.894,371.923,384.893,432.807,239.744,22.22,0,164.9592,1.5992
6,06.01.2019, 16:30-16:45 ,27.44,17.6,20.74,205.17,299.441,311.266,355.446,192.77,21.742,0,197.3926,1.7411
6,06.01.2019, 16:45-17:00 ,27.01,17.15,21.16,150.395,233.776,245.056,297.997,141.998,22.589,0,212.3992,1.619
6,06.01.2019, 17:00-17:15 ,26.51,17.67,21.23,85.54,128.05,133.385,164.171,80.7,23.015,0,194.6973,1.7
6,06.01.2019, 17:15-17:30 ,25.97,17.32,21.32,54.729,89.823,94.033,130.345,51.462,23.272,0,181.8656,1.2186
6,06.01.2019, 17:30-17:45 ,25.24,17.49,21.88,11.335,12.239,10.989,11.621,8.064,24.674,0,178.1693,1.0858
6,06.01.2019, 17:45-18:00 ,24.39,18.34,22.53,-2.788<,-2.894<,-2.603<,-2.496<,-3.467<,25.607,0,164.3156,0.7142
6,06.01.2019, 18:00-18:15 ,23.63,18.13,22.52,-4.973<,-5.283<,-4.722<,-4.520<,-4.809<,27.06,0,198.4752,0.6164
6,06.01.2019, 18:15-18:30 ,22.78,18.32,22.48,-5.066<,-5.414<,-4.814<,-4.602<,-5.079<,28.842,0,237.2712,0.4851
6,06.01.2019, 18:30-18:45 ,22.02,18.32,22.36,-4.011<,-4.274<,-3.801<,-3.644<,-4.348<,30.682,0,245.3389,0.6707
6,06.01.2019, 18:45-19:00 ,21.32,18.49,22.58,-4.607<,-4.921<,-4.391<,-4.161<,-4.296<,31.472,0,256.2957,0.6453
6,06.01.2019, 19:00-19:15 ,20.59,18.25,22.44,-4.238<,-4.543<,-4.029<,-3.856<,-3.839<,32.523,0,274.6705,1.3965
6,06.01.2019, 19:15-19:30 ,19.8,18.19,22.3,-4.155<,-4.428<,-3.954<,-3.785<,-3.607<,35.455,0,286.0756,1.4244
6,06.01.2019, 19:30-19:45 ,19.12,18.34,22.49,-4.277<,-4.543<,-4.046<,-3.894<,-3.815<,40.665,0,295.7784,1.2499
6,06.01.2019, 19:45-20:00 ,19.25,18.32,22.25,-2.734<,-2.832<,-2.521<,-2.441<,-2.838<,48.359,0,308.1164,1.2495
6,06.01.2019, 20:00-20:15 ,19.03,18.05,22.22,-4.101<,-4.374<,-3.900<,-3.709<,-3.992<,50.224,0,302.5242,0.6384
6,06.01.2019, 20:15-20:30 ,18.7,18.58,22.5,-3.186<,-3.333<,-2.985<,-2.848<,-3.234<,53.14,0,330.506,0.8727
6,06.01.2019, 20:30-20:45 ,18.5,18.47,22.35,-3.301<,-3.495<,-3.098<,-2.950<,-3.309<,54.568,0,331.2564,0.7213
6,06.01.2019, 20:45-21:00 ,18.42,18.62,22.62,-3.071<,-3.252<,-2.880<,-2.756<,-2.831<,56.866,0,156.7406,0.6403
6,06.01.2019, 21:00-21:15 ,18.05,18.54,22.52,-2.867<,-3.021<,-2.702<,-2.574<,-2.838<,57.766,0,76.0252,0.5402
6,06.01.2019, 21:15-21:30 ,17.76,18.28,22.5,-2.738<,-2.913<,-2.583<,-2.441<,-2.544<,58.267,0,92.316,0.5905
6,06.01.2019, 21:30-21:45 ,17.4,18.85,22.61,-2.580<,-2.751<,-2.439<,-2.321<,-2.442<,59.66,0,95.9129,0.7221
6,06.01.2019, 21:45-22:00 ,17.13,18.67,22.53,-1.938<,-2.054<,-1.825<,-1.740<,-2.053<,59.985,0,100.5226,0.8696
6,06.01.2019, 22:00-22:15 ,16.78,18.96,22.67,-1.618<,-1.707<,-1.515<,-1.446<,-1.950<,59.805,0,94.3041,1.1979
6,06.01.2019, 22:15-22:30 ,16.65,18.54,22.76,-1.737<,-1.811<,-1.631<,-1.556<,-2.049<,59.231,0,94.0983,1.323
6,06.01.2019, 22:30-22:45 ,16.63,18.62,22.74,-1.819<,-1.927<,-1.713<,-1.621<,-2.063<,58.758,0,109.9598,0.9443
6,06.01.2019, 22:45-23:00 ,16.42,18.88,22.73,-1.862<,-1.950<,-1.747<,-1.658<,-1.998<,58.216,0,95.9988,1.392
6,06.01.2019, 23:00-23:15 ,16.26,18.46,22.7,-1.787<,-1.904<,-1.685<,-1.607<,-1.926<,58.325,0,100.8944,1.2295
6,06.01.2019, 23:15-23:30 ,16.11,18.78,22.62,-2.006<,-2.131<,-1.897<,-1.805<,-2.230<,59.223,0,100.5992,1.2599
6,06.01.2019, 23:30-23:45 ,16.11,18.34,22,-1.920<,-1.992<,-1.784<,-1.720<,-2.141<,60.864,0,100.3317,1.2982
6,06.01.2019, 23:45-00:00 ,16.27,18.67,22.57,-2.142<,-2.227<,-2.010<,-1.932<,-2.425<,63.422,0,98.4666,1.0818
7,07.01.2019, 00:00-00:15 ,16.21,19.96,23.31,-2.411<,-2.532<,-2.259<,-2.157<,-2.585<,63.935,0,95.1624,0.8897
7,07.01.2019, 00:15-00:30 ,16.15,19.75,23.44,-2.253<,-2.370<,-2.115<,-2.010<,-2.234<,63.062,0,88.1381,0.9669
7,07.01.2019, 00:30-00:45 ,16.21,20.29,23.91,-2.149<,-2.262<,-2.010<,-1.915<,-2.087<,62.499,0,86.141,0.8757
7,07.01.2019, 00:45-01:00 ,16.27,20.21,23.9,-2.411<,-2.536<,-2.252<,-2.150<,-2.258<,61.978,0,92.7317,0.8246
7,07.01.2019, 01:00-01:15 ,15.91,20.29,24.08,-2.562<,-2.736<,-2.426<,-2.315<,-2.435<,62.075,0,89.5041,0.8995
7,07.01.2019, 01:15-01:30 ,15.66,20.26,24.23,-2.146<,-2.266<,-2.020<,-1.932<,-2.251<,62.411,0,96.8644,0.8549
7,07.01.2019, 01:30-01:45 ,15.52,20.14,24.17,-2.235<,-2.358<,-2.102<,-1.990<,-2.336<,63.163,0,96.1359,0.8112
7,07.01.2019, 01:45-02:00 ,15.3,20.14,24.19,-2.655<,-2.821<,-2.518<,-2.407<,-2.705<,63.565,0,91.2437,0.7423
7,07.01.2019, 02:00-02:15 ,15.02,20.02,24.17,-2.874<,-3.033<,-2.706<,-2.568<,-2.855<,64.709,0,135.7935,0.4576
7,07.01.2019, 02:15-02:30 ,14.72,20.05,24.25,-2.659<,-2.821<,-2.511<,-2.386<,-2.503<,65.743,0,88.8568,0.832
7,07.01.2019, 02:30-02:45 ,14.57,20.08,24.35,-2.580<,-2.709<,-2.419<,-2.321<,-2.538<,67.593,0,101.3691,0.6102
7,07.01.2019, 02:45-03:00 ,14.56,20.2,24.27,-2.332<,-2.447<,-2.197<,-2.068<,-2.261<,69.851,0,97.8603,0.8307
7,07.01.2019, 03:00-03:15 ,14.5,19.66,24.32,-2.153<,-2.270<,-2.010<,-1.925<,-2.247<,71.189,0,93.8622,0.8614
7,07.01.2019, 03:15-03:30 ,14.7,19.87,24.29,-1.963<,-2.062<,-1.832<,-1.740<,-1.858<,71.724,0,91.2889,0.9937
7,07.01.2019, 03:30-03:45 ,14.62,19.99,24.24,-2.619<,-2.782<,-2.480<,-2.342<,-2.558<,71.47,0,126.9518,0.2898
7,07.01.2019, 03:45-04:00 ,14.68,20.19,24.34,-2.210<,-2.320<,-2.057<,-1.935<,-1.974<,71.026,0,127.2409,0.731
7,07.01.2019, 04:00-04:15 ,14.14,20.27,24.29,-2.623<,-2.759<,-2.487<,-2.390<,-2.739<,70.907,0,109.99,
7,07.01.2019, 04:15-04:30 ,14.16,20.07,24.37,-2.174<,-2.285<,-2.033<,-1.949<,-1.995<,72.875,0,92.919,1.0039
7,07.01.2019, 04:30-04:45 ,14.1,19.73,24.28,-1.686<,-1.761<,-1.573<,-1.508<,-1.902<,72.974,0,97.9077,1.2559
7,07.01.2019, 04:45-05:00 ,14.04,20.13,24.32,-1.625<,-1.703<,-1.515<,-1.443<,-1.868<,72.975,0,101.9286,1.437
7,07.01.2019, 05:00-05:15 ,13.81,20.33,24.58,-1.912<,-2.054<,-1.818<,-1.720<,-1.988<,72.83,0,104.7295,1.589
7,07.01.2019, 05:15-05:30 ,13.23,19.93,24.24,-2.121<,-2.347<,-2.085<,-1.979<,-2.251<,73.068,0,104.3477,1.3497
7,07.01.2019, 05:30-05:45 ,13.13,19.98,24.21,-1.658<,-1.765<,-1.518<,-1.474<,-1.902<,73.502,0,101.6123,1.4989
7,07.01.2019, 05:45-06:00 ,13.27,20.11,24.36,-1.468<,-1.541<,-1.382<,-1.313<,-1.762<,72.72,0,102.5139,1.4349
7,07.01.2019, 06:00-06:15 ,13.32,20.12,24.33,-1.794<,-1.888<,-1.682<,-1.607<,-1.930<,71.859,0,94.8231,1.2287
7,07.01.2019, 06:15-06:30 ,13.53,19.93,24.41,-1.701<,-1.765<,-1.580<,-1.497<,-1.653<,71.052,0,99.2511,1.2186
7,07.01.2019, 06:30-06:45 ,13.48,19.94,24.32,-1.715<,-1.819<,-1.614<,-1.535<,-1.814<,70.081,0,106.5574,1.5311
7,07.01.2019, 06:45-07:00 ,13.27,20.06,24.34,-0.484<,-0.505<,-0.440<,-0.373<,-0.748<,69.527,0,106.559,2.237
7,07.01.2019, 07:00-07:15 ,13.04,20.12,24.47,5.992,6.362,5.711,5.795,5.13,69.551,0,107.5047,1.4967
7,07.01.2019, 07:15-07:30 ,13.27,20.19,24.41,31.665,36.798,32.924,41.532,22.722,69.247,0,104.7829,1.2976
7,07.01.2019, 07:30-07:45 ,13.85,19.96,24.64,71.912,102.99,93.282,128.195,54.317,67.928,0,103.6117,1.5823
7,07.01.2019, 07:45-08:00 ,14.93,20.21,24.98,127.905,184.802,178.127,225.798,96.936,65.322,0,106.3031,1.9143
7,07.01.2019, 08:00-08:15 ,16.43,19.63,24.68,185.418,266.004,256.926,316.903,142.667,59.854,0,111.5228,2.2635
7,07.01.2019, 08:15-08:30 ,18.02,19.65,23.51,246.631,345.834,334.582,396.732,193.016,52.238,0,117.6377,2.271
7,07.01.2019, 08:30-08:45 ,19.33,19.59,22.82,282.548,386.135,374.459,424.933,226.735,47.205,0,125.6295,2.6625
7,07.01.2019, 08:45-09:00 ,20.48,19.44,22.93,361.586,488.466,474.572,521.915,294.839,44.129,0,133.4992,2.9114
7,07.01.2019, 09:00-09:15 ,21.42,19.32,23.03,416.05,554.902,541.02,575.901,344.419,40.342,0,130.2741,2.704
7,07.01.2019, 09:15-09:30 ,22.24,19.27,22.71,467.28,616.852,603.166,623.357,391.349,36.263,0,133.5108,2.8193
7,07.01.2019, 09:30-09:45 ,23.01,19.6,22.55,513.635,673.349,659.215,663.723,435.369,33.275,0,137.2034,2.3413
7,07.01.2019, 09:45-10:00 ,23.78,19.99,22.59,560.323,728.563,714.753,702.998,478.842,31.057,0,137.1282,2.2295
7,07.01.2019, 10:00-10:15 ,24.55,20.43,22.92,603.064,776.701,764.125,735.771,518.398,28.98,0,146.9911,2.4394
7,07.01.2019, 10:15-10:30 ,25.02,20.91,23.43,637.937,814.617,803.398,759.791,552.165,28.612,0,144.0288,2.3551
7,07.01.2019, 10:30-10:45 ,25.49,21.32,23.84,666.72,846.482,836.858,780.711,580.888,27.454,0,151.1987,2.4537
7,07.01.2019, 10:45-11:00 ,25.96,21.84,24.44,699.77,883.461,875.377,806.595,613.832,25.985,0,167.5505,2.6538
7,07.01.2019, 11:00-11:15 ,12.31,10.18,11.4,332.239,418.104,414.886,379.179,292.749,11.65,0,145.1816,1.8938
7,07.01.2019, 11:15-11:30 ,19.92,15.97,17.74,543.839,680.547,676.868,611.685,482.606,17.33,0,165.6531,2.3425
7,07.01.2019, 11:30-11:45 ,27.47,21.49,23.91,759.989,950.177,945.292,850.024,675.973,22.997,0,150.0776,2.257
7,07.01.2019, 11:45-12:00 ,27.82,19.9,21.36,770.929,963.68,959.611,858.232,688.395,21.464,0,154.4142,2.2934
7,07.01.2019, 12:00-12:15 ,28.16,19.45,20.2,777.618,970.667,967.782,861.614,696.004,19.769,0,151.9077,2.2682
7,07.01.2019, 12:15-12:30 ,28.5,20.14,20.13,782.619,976.154,974.933,865.405,701.506,18.435,0,160.8196,2.4077
7,07.01.2019, 12:30-12:45 ,28.84,20.06,19.96,774.395,932.158,965.101,854.403,672.015,17.514,0,150.7032,2.0831
7,07.01.2019, 12:45-13:00 ,29.04,20.35,20.09,767.524,954.358,957.547,846.968,689.245,18.845,0,162.4092,2.2358
7,07.01.2019, 13:00-13:15 ,29.45,20.17,20.12,755.895,939.295,945.077,834.988,678.911,18.925,0,171.4553,1.8096
7,07.01.2019, 13:15-13:30 ,29.78,20.62,20.15,737.399,916.031,923.811,857.07,663.436,18.763,0,187.9118,1.7389
7,07.01.2019, 13:30-13:45 ,29.99,20.49,20.21,719.587,894.039,903.947,809.156,649.109,18.69,0,192.8081,1.6932
7,07.01.2019, 13:45-14:00 ,30.19,20.45,20.2,688.375,856.659,866.68,781.015,622.442,18.562,0,182.5598,1.6465
7,07.01.2019, 14:00-14:15 ,29.96,20.04,19.93,622.243,778.909,789.092,718.366,565.792,19.295,0,215.1251,2.1898
7,07.01.2019, 14:15-14:30 ,30.25,20.31,19.89,599.426,755.229,765.541,701.918,547.077,19.074,0,202.9873,1.4117
7,07.01.2019, 14:30-14:45 ,30.62,19.72,19.69,566.265,720.513,730.966,682.055,517.329,18.849,0,183.4496,1.4574
7,07.01.2019, 14:45-15:00 ,30.57,19.48,19.45,527.557,678.674,689.089,653.672,481.127,19.065,0,200.8943,1.8462
7,07.01.2019, 15:00-15:15 ,30.16,19.71,19.36,493.875,641.426,653.46,629.48,452.172,19.511,0,229.1375,1.8119
7,07.01.2019, 15:15-15:30 ,30.42,19.73,19.46,437.707,574.644,586.718,576.67,401.346,19.415,0,204.4206,1.3529
7,07.01.2019, 15:30-15:45 ,29.98,19.4,19.37,366.86,487.834,499.57,503.378,338.108,20.392,0,225.6844,1.4264
7,07.01.2019, 15:45-16:00 ,29.76,18.3,19.28,333.767,449.025,461.72,476.479,309.559,20.523,0,213.8749,1.571
7,07.01.2019, 16:00-16:15 ,29.92,18.6,20.22,282.171,382.143,394.384,415.121,263.323,20.363,0,184.0712,1.1251
7,07.01.2019, 16:15-16:30 ,29.42,17.85,20.88,216.839,301.071,311.552,339.173,203.279,20.786,0,240.8855,1.8208
7,07.01.2019, 16:30-16:45 ,28.9,17.4,21.3,160.603,226.254,235.455,262.462,151.954,22.323,0,219.8808,1.5542
7,07.01.2019, 16:45-17:00 ,28.33,17.72,21.24,103.021,136.389,142.03,149.764,99.088,23.477,0,245.5485,1.319
7,07.01.2019, 17:00-17:15 ,27.83,17,21.3,71.93,85.599,86.588,84.619,68.378,23.867,0,219.9363,1.2937
7,07.01.2019, 17:15-17:30 ,27.25,17.86,21.96,34.891,37.125,33.419,33.597,30.99,25.39,0,210.2041,0.8605
7,07.01.2019, 17:30-17:45 ,26.71,18.19,22.83,8.019,8.505,7.653,7.791,7.066,27.183,0,226.9965,1.1732
7,07.01.2019, 17:45-18:00 ,25.53,18.45,23,-0.807<,-0.902<,-0.819<,-0.660<,-0.601<,31.99,0,324.2177,1.9
7,07.01.2019, 18:00-18:15 ,24.63,18.14,22.89,-3.154<,-3.318<,-3.002<,-2.844<,-2.964<,34.152,0,330.4882,1.6079
7,07.01.2019, 18:15-18:30 ,24.24,18.47,22.73,-3.391<,-3.607<,-3.214<,-3.063<,-3.145<,35.426,0,329.2491,1.2387
7,07.01.2019, 18:30-18:45 ,23.87,19.04,23.05,-3.330<,-3.514<,-3.153<,-2.995<,-3.074<,36.733,0,288.9657,1.1086
7,07.01.2019, 18:45-19:00 ,23.61,18.69,22.83,-3.197<,-3.372<,-3.009<,-2.875<,-3.265<,38.012,0,176.3452,0.7168
7,07.01.2019, 19:15-19:30 ,22.9,18.72,22.69,-3.376<,-3.561<,-3.180<,-3.022<,-3.449<,39.704,0,76.47,0.4183
7,07.01.2019, 19:30-19:45 ,22.39,18.77,22.87,-3.645<,-3.900<,-3.470<,-3.299<,-3.415<,40.692,0,94.4725,0.4344
7,07.01.2019, 19:45-20:00 ,21.91,18.66,22.65,-3.437<,-3.684<,-3.269<,-3.097<,-3.156<,41.888,0,97.8886,0.4183
7,07.01.2019, 20:00-20:15 ,21.49,18.96,22.93,-3.158<,-3.353<,-3.002<,-2.841<,-3.002<,43.369,0,101.6957,0.4183
7,07.01.2019, 20:15-20:30 ,21.1,18.3,22.32,-2.856<,-3.029<,-2.706<,-2.554<,-2.893<,45.289,0,98.8886,0.4147
7,07.01.2019, 20:30-20:45 ,20.97,18.85,22.76,-2.648<,-2.821<,-2.511<,-2.349<,-2.520<,46.379,0,87.2541,0.4821
7,07.01.2019, 20:45-21:00 ,20.67,18.98,22.98,-2.443<,-2.590<,-2.313<,-2.188<,-2.544<,46.435,0,110.9489,0.4223
7,07.01.2019, 21:00-21:15 ,20.25,18.63,22.96,-2.368<,-2.470<,-2.211<,-2.109<,-2.500<,47.241,0,109.7319,0.4885
7,07.01.2019, 21:15-21:30 ,19.89,18.36,22.21,-2.368<,-2.489<,-2.235<,-2.133<,-2.480<,47.518,0,107.1457,0.8162
7,07.01.2019, 21:30-21:45 ,19.6,18.67,22.61,-2.103<,-2.193<,-1.952<,-1.877<,-2.374<,47.505,0,95.8217,1.4196
7,07.01.2019, 21:45-22:00 ,19.41,18.74,22.5,-2.318<,-2.416<,-2.166<,-2.072<,-2.538<,47.103,0,92.6417,1.2173
7,07.01.2019, 22:00-22:15 ,19.21,18.94,22.77,-2.555<,-2.717<,-2.412<,-2.304<,-2.845<,47.827,0,97.7106,0.8679
7,07.01.2019, 22:15-22:30 ,19.02,18.71,23.14,-2.418<,-2.551<,-2.276<,-2.185<,-2.667<,48.026,0,97.6681,1.0577
7,07.01.2019, 22:30-22:45 ,18.96,18.96,22.82,-2.146<,-2.254<,-2.010<,-1.918<,-2.339<,47.973,0,96.6183,1.476
7,07.01.2019, 22:45-23:00 ,19.02,18.8,22.91,-2.282<,-2.393<,-2.143<,-2.034<,-2.322<,47.199,0,96.3222,1.4874
7,07.01.2019, 23:00-23:15 ,18.76,18.78,22.92,-2.476<,-2.593<,-2.340<,-2.232<,-2.719<,47.835,0,98.0949,1.3614
7,07.01.2019, 23:15-23:30 ,18.45,18.63,22.83,-2.426<,-2.566<,-2.293<,-2.188<,-2.633<,48.408,0,98.7977,1.4268
7,07.01.2019, 23:30-23:45 ,18.12,18.68,23.07,-2.426<,-2.555<,-2.286<,-2.185<,-2.637<,48.823,0,96.534,1.4263
7,07.01.2019, 23:45-00:00 ,17.6,18.95,22.93,-2.684<,-2.875<,-2.549<,-2.421<,-2.811<,49.292,0,103.5285,1.3749
