date_time,date,time,hhmm,am_flag,Tambient,Tcontainer_1,Tcontainer_2,Pyranometer_Gt_Row1,Pyranometer_Gt_Row2,Pyranometer_Gt_Row3,Pyranometer_Gt_Row4,Pyranometer_Gh,Humidity,APE,WD,WS
2019-01-01T00:15:00.000+04:00,01.01.2019,00:15-00:30,00:15,AM,16.56,20.02,23.84,-1.866<,-1.919<,-1.730<,-1.668<,-2.227<,50.54,0.0,94.0103,1.4058
2019-01-01T00:30:00.000+04:00,01.01.2019,00:30-00:45,00:30,AM,16.51,20.1,24.1,-2.024<,-2.135<,-1.907<,-1.819<,-2.326<,50.935,0.0,92.8886,1.1069
2019-01-01T00:45:00.000+04:00,01.01.2019,00:45-01:00,00:45,AM,16.64,20.1,24.18,-2.085<,-2.216<,-1.962<,-1.850<,-2.039<,50.819,0.0,94.3575,1.2929
2019-01-01T01:00:00.000+04:00,01.01.2019,01:00-01:15,01:00,AM,16.87,20.13,24.16,-1.762<,-1.819<,-1.638<,-1.576<,-2.039<,49.732,0.0,105.2671,1.0666
2019-01-01T01:15:00.000+04:00,01.01.2019,01:15-01:30,01:15,AM,16.81,19.94,24.36,-1.970<,-2.089<,-1.853<,-1.771<,-2.063<,49.68,0.0,96.0881,1.5416
2019-01-01T01:30:00.000+04:00,01.01.2019,01:30-01:45,01:30,AM,16.51,20.15,24.22,-2.659<,-2.852<,-2.528<,-2.407<,-2.592<,49.999,0.0,94.3932,1.266
2019-01-01T01:45:00.000+04:00,01.01.2019,01:45-02:00,01:45,AM,15.8,20.28,24.34,-2.494<,-2.640<,-2.358<,-2.267<,-2.620<,52.17,0.0,92.9454,1.2623
2019-01-01T02:00:00.000+04:00,01.01.2019,02:00-02:15,02:00,AM,15.72,20.02,24.31,-2.189<,-2.316<,-2.071<,-1.969<,-2.258<,53.066,0.0,95.2047,1.2976
2019-01-01T02:15:00.000+04:00,01.01.2019,02:15-02:30,02:15,AM,15.86,19.96,24.12,-1.995<,-2.108<,-1.876<,-1.771<,-2.029<,52.511,0.0,93.6254,1.1885
2019-01-01T02:30:00.000+04:00,01.01.2019,02:30-02:45,02:30,AM,16.01,20.04,24.4,-1.963<,-2.042<,-1.832<,-1.754<,-1.971<,51.566,0.0,95.0191,1.2522
2019-01-01T02:45:00.000+04:00,01.01.2019,02:45-03:00,02:45,AM,15.93,20.08,24.19,-1.880<,-1.931<,-1.754<,-1.682<,-2.148<,51.922,0.0,95.3341,1.0266
2019-01-01T03:00:00.000+04:00,01.01.2019,03:00-03:15,03:00,AM,16.13,20.35,24.42,-2.149<,-2.270<,-2.027<,-1.928<,-1.981<,51.018,0.0,92.3897,1.0638
2019-01-01T03:15:00.000+04:00,01.01.2019,03:15-03:30,03:15,AM,15.43,20.08,24.43,-3.437<,-3.699<,-3.286<,-3.125<,-3.050<,52.691,0.0,106.6554,0.6743
2019-01-01T03:30:00.000+04:00,01.01.2019,03:30-03:45,03:30,AM,14.96,20.15,24.36,-2.540<,-2.690<,-2.412<,-2.301<,-2.527<,55.406,0.0,101.0268,1.0361
2019-01-01T03:45:00.000+04:00,01.01.2019,03:45-04:00,03:45,AM,14.9,20.06,24.35,-2.293<,-2.424<,-2.173<,-2.072<,-2.268<,58.779,0.0,93.0744,1.0543
2019-01-01T04:00:00.000+04:00,01.01.2019,04:00-04:15,04:00,AM,14.89,19.9,24.41,-2.321<,-2.459<,-2.184<,-2.072<,-2.264<,61.756,0.0,91.4894,0.7223
2019-01-01T04:15:00.000+04:00,01.01.2019,04:15-04:30,04:15,AM,15.17,20.04,24.35,-1.643<,-1.676<,-1.508<,-1.453<,-1.964<,64.445,0.0,96.7911,0.9796
2019-01-01T04:30:00.000+04:00,01.01.2019,04:30-04:45,04:30,AM,15.0,20.04,24.18,-1.981<,-2.100<,-1.866<,-1.774<,-2.018<,65.888,0.0,90.9878,1.0367
2019-01-01T04:45:00.000+04:00,01.01.2019,04:45-05:00,04:45,AM,14.89,20.1,24.34,-1.941<,-2.027<,-1.815<,-1.747<,-2.008<,66.511,0.0,94.6964,1.1317
2019-01-01T05:00:00.000+04:00,01.01.2019,05:00-05:15,05:00,AM,9.86,13.17,16.04,-1.410<,-1.410<,-1.327<,-1.255<,-1.370<,46.19,0.0,94.7463,0.8082
2019-01-01T05:15:00.000+04:00,01.01.2019,05:15-05:30,05:15,AM,14.89,20.23,24.19,-1.984<,-2.085<,-1.863<,-1.771<,-1.913<,69.798,0.0,80.8602,0.7352
2019-01-01T05:30:00.000+04:00,01.01.2019,05:30-05:45,05:30,AM,14.76,20.17,24.38,-2.017<,-2.127<,-1.894<,-1.802<,-1.848<,70.087,0.0,81.189,1.2197
2019-01-01T05:45:00.000+04:00,01.01.2019,05:45-06:00,05:45,AM,14.62,20.1,24.39,-2.013<,-2.119<,-1.883<,-1.795<,-1.800<,71.063,0.0,87.9734,1.3469
2019-01-01T06:00:00.000+04:00,01.01.2019,06:00-06:15,06:00,AM,14.63,19.96,24.23,-2.454<,-2.620<,-2.317<,-2.198<,-2.138<,70.94,0.0,95.3032,1.1331
2019-01-01T06:15:00.000+04:00,01.01.2019,06:15-06:30,06:15,AM,14.06,20.14,24.51,-2.411<,-2.582<,-2.289<,-2.191<,-2.568<,70.86,0.0,103.2217,0.8377
2019-01-01T06:30:00.000+04:00,01.01.2019,06:30-06:45,06:30,AM,13.81,20.03,24.35,-1.823<,-1.915<,-1.720<,-1.644<,-2.309<,71.815,0.0,105.475,0.8283
2019-01-01T06:45:00.000+04:00,01.01.2019,06:45-07:00,06:45,AM,13.7,19.78,24.33,-0.298<,-0.285<,-0.259<,-0.181<,-0.772<,72.814,0.0,104.8224,0.9925
2019-01-01T07:00:00.000+04:00,01.01.2019,07:00-07:15,07:00,AM,13.74,20.14,24.42,5.827,6.189,5.558,5.672,5.041,72.819,0.0,100.3079,1.3147
2019-01-01T07:15:00.000+04:00,01.01.2019,07:15-07:30,07:15,AM,13.39,19.99,24.34,31.823,38.62,34.545,44.209,23.296,73.616,0.0,97.5541,1.3606
2019-01-01T07:30:00.000+04:00,01.01.2019,07:30-07:45,07:30,AM,13.59,20.01,24.38,75.138,110.266,99.748,138.376,56.192,73.803,0.0,96.4132,1.382
2019-01-01T07:45:00.000+04:00,01.01.2019,07:45-08:00,07:45,AM,14.52,20.42,25.02,123.882,183.711,176.766,227.908,92.558,70.971,0.0,96.3482,1.5609
2019-01-01T08:00:00.000+04:00,01.01.2019,08:00-08:15,08:00,AM,15.62,20.08,24.74,181.098,262.979,253.982,314.256,137.995,65.858,0.0,97.5257,1.4444
2019-01-01T08:15:00.000+04:00,01.01.2019,08:15-08:30,08:15,AM,16.58,19.85,23.64,241.091,342.432,331.863,393.258,187.756,61.626,0.0,102.8746,1.3357
2019-01-01T08:30:00.000+04:00,01.01.2019,08:30-08:45,08:30,AM,17.36,19.54,22.99,298.913,416.304,404.316,460.25,237.384,58.605,0.0,94.3559,1.4162
2019-01-01T08:45:00.000+04:00,01.01.2019,08:45-09:00,08:45,AM,18.53,19.33,22.85,355.135,485.734,473.139,519.227,286.831,53.846,0.0,91.2171,1.3313
2019-01-01T09:00:00.000+04:00,01.01.2019,09:00-09:15,09:00,AM,19.99,19.61,22.95,409.885,551.711,538.663,572.133,335.806,47.373,0.0,85.9271,1.4364
2019-01-01T09:15:00.000+04:00,01.01.2019,09:15-09:30,09:15,AM,21.45,19.49,22.56,460.797,610.748,598.052,615.562,382.117,43.262,0.0,87.3483,1.35
2019-01-01T09:30:00.000+04:00,01.01.2019,09:30-09:45,09:30,AM,22.85,19.76,22.47,511.887,671.106,658.888,661.234,428.48,43.118,0.0,89.46,1.5088
2019-01-01T09:45:00.000+04:00,01.01.2019,09:45-10:00,09:45,AM,23.91,20.28,22.69,553.581,718.694,707.369,694.027,467.65,46.603,0.0,89.8277,1.405
2019-01-01T10:00:00.000+04:00,01.01.2019,10:00-10:15,10:00,AM,24.6,20.71,23.03,594.604,764.574,753.835,725.651,506.011,46.093,0.0,87.0836,1.405
2019-01-01T10:15:00.000+04:00,01.01.2019,10:15-10:30,10:15,AM,25.23,21.33,23.6,629.02,804.921,795.009,751.768,539.597,43.262,0.0,86.4042,1.3937
2019-01-01T10:30:00.000+04:00,01.01.2019,10:30-10:45,10:30,AM,25.86,21.74,24.12,659.917,841.395,832.712,776.981,570.96,36.525,0.0,78.4288,1.2746
2019-01-01T10:45:00.000+04:00,01.01.2019,10:45-11:00,10:45,AM,26.53,22.02,24.33,689.469,875.329,867.53,799.477,600.143,31.589,0.0,93.7907,1.3174
2019-01-01T11:00:00.000+04:00,01.01.2019,11:00-11:15,11:00,AM,27.31,21.59,23.81,714.643,904.019,897.427,817.429,625.311,25.04,0.0,102.0316,1.0641
2019-01-01T11:15:00.000+04:00,01.01.2019,11:15-11:30,11:15,AM,28.07,19.76,20.78,734.973,927.314,922.112,832.444,646.346,21.61,0.0,105.4726,0.975
2019-01-01T11:30:00.000+04:00,01.01.2019,11:30-11:45,11:30,AM,28.27,19.48,20.34,742.888,934.759,931.047,834.291,656.233,21.134,0.0,95.7643,1.4088
2019-01-01T11:45:00.000+04:00,01.01.2019,11:45-12:00,11:45,AM,28.54,20.1,20.25,758.439,952.867,950.437,846.321,672.548,20.592,0.0,132.124,1.1263
2019-01-01T12:00:00.000+04:00,01.01.2019,12:00-12:15,12:00,PM,28.97,20.38,20.27,763.99,958.671,957.438,849.227,680.222,18.015,0.0,159.255,1.1838
2019-01-01T12:15:00.000+04:00,01.01.2019,12:15-12:30,12:15,PM,29.25,20.38,20.31,738.471,926.624,926.663,822.571,658.357,17.219,0.0,215.1408,1.1953
2019-01-01T12:30:00.000+04:00,01.01.2019,12:30-12:45,12:30,PM,29.35,20.4,20.22,766.48,961.73,963.327,854.67,686.011,16.05,0.0,118.9252,1.1416
2019-01-01T12:45:00.000+04:00,01.01.2019,12:45-13:00,12:45,PM,30.16,20.42,20.2,756.006,944.697,947.881,837.094,678.378,14.987,0.0,120.7507,0.9852
2019-01-01T13:00:00.000+04:00,01.01.2019,13:00-13:15,13:00,PM,30.35,20.14,20.03,692.461,865.114,868.891,770.848,622.254,13.667,0.0,142.5346,1.3088
2019-01-01T13:15:00.000+04:00,01.01.2019,13:15-13:30,13:15,PM,29.86,20.29,20.02,744.822,932.532,938.236,836.202,672.913,14.694,0.0,154.4388,1.1381
2019-01-01T13:30:00.000+04:00,01.01.2019,13:30-13:45,13:30,PM,30.63,20.44,20.17,729.58,911.919,919.096,812.691,661.025,14.193,0.0,165.3817,1.1598
2019-01-01T13:45:00.000+04:00,01.01.2019,13:45-14:00,13:45,PM,30.34,20.44,20.33,684.123,852.882,860.747,760.229,622.845,13.99,0.0,183.7471,1.4196
2019-01-01T14:00:00.000+04:00,01.01.2019,14:00-14:15,14:00,PM,28.77,19.41,19.32,597.205,751.418,759.072,682.253,543.501,14.289,0.0,322.1688,1.6197
2019-01-01T14:15:00.000+04:00,01.01.2019,14:15-14:30,14:15,PM,30.03,19.86,19.72,608.884,776.697,785.998,724,554.662,15.329,0.0,162.5622,1.1585
2019-01-01T14:30:00.000+04:00,01.01.2019,14:30-14:45,14:30,PM,30.51,20.33,19.9,543.606,700.555,710.989,668.297,495.048,14.83,0.0,218.2869,1.3667
2019-01-01T14:45:00.000+04:00,01.01.2019,14:45-15:00,14:45,PM,29.49,19.42,19.86,260.66,320.035,324.128,289.115,239.898,16.135,0.0,206.7481,1.444
2019-01-01T15:00:00.000+04:00,01.01.2019,15:00-15:15,15:00,PM,27.97,17.96,19.64,127.653,148.956,150,122.315,119.201,19.546,0.0,277.0745,1.4286
2019-01-01T15:15:00.000+04:00,01.01.2019,15:15-15:30,15:15,PM,27.42,18.52,20.46,208.554,239.981,242.675,195.915,198.644,21.757,0.0,322.0093,1.4436
2019-01-01T15:30:00.000+04:00,01.01.2019,15:30-15:45,15:30,PM,27.77,18.36,21.06,290.606,356.913,362.286,324.051,271.489,23.716,0.0,256.6955,1.3058
2019-01-01T15:45:00.000+04:00,01.01.2019,15:45-16:00,15:45,PM,28.65,17.42,21.13,267.836,362.058,371.372,385.169,245.949,22.543,0.0,209.5603,1.2513
2019-01-01T16:00:00.000+04:00,01.01.2019,16:00-16:15,16:00,PM,28.07,17.41,21.12,245.343,332.289,342.627,362.154,227.643,25.619,0.0,316.7773,1.931
2019-01-01T16:15:00.000+04:00,01.01.2019,16:15-16:30,16:15,PM,27.62,17.51,21.35,205.766,287.067,297.083,328.099,190.403,25.353,0.0,291.3954,2.3565
2019-01-01T16:30:00.000+04:00,01.01.2019,16:30-16:45,16:30,PM,27.0,17.5,21.41,139.605,197.353,204.991,234.824,130.294,24.949,0.0,329.6251,2.6594
2019-01-01T16:45:00.000+04:00,01.01.2019,16:45-17:00,16:45,PM,26.52,17.23,21.57,108.213,158.782,165.49,199.747,101.308,24.548,0.0,350.6897,2.9016
2019-01-01T17:00:00.000+04:00,01.01.2019,17:00-17:15,17:00,PM,26.07,17.29,21.14,64.589,93.383,96.578,119.039,61.042,24.302,0.0,339.5808,2.4711
2019-01-01T17:15:00.000+04:00,01.01.2019,17:15-17:30,17:15,PM,25.55,17.33,21.43,24.496,28.697,26.435,30.715,24.238,25.704,0.0,282.4909,2.4882
2019-01-01T17:30:00.000+04:00,01.01.2019,17:30-17:45,17:30,PM,24.98,18.08,22.23,3.064,3.283,2.948,3.104,3.115,27.281,0.0,352.1204,2.67
2019-01-01T17:45:00.000+04:00,01.01.2019,17:45-18:00,17:45,PM,17.99,13.58,16.41,-1.252<,-1.322<,-1.180<,-1.087<,-0.967<,20.763,0.0,222.1222,1.7609
2019-01-01T18:00:00.000+04:00,01.01.2019,18:00-18:15,18:00,PM,11.15,8.6,10.59,-1.554<,-1.634<,-1.474<,-1.402<,-1.557<,14.007,0.0,93.1322,0.8179
2019-01-01T18:15:00.000+04:00,01.01.2019,18:15-18:30,18:15,PM,22.81,18.99,23.1,-3.452<,-3.634<,-3.241<,-3.111<,-3.613<,29.852,0.0,98.8443,0.7794
2019-01-01T18:30:00.000+04:00,01.01.2019,18:30-18:45,18:30,PM,23.21,18.8,22.96,-3.294<,-3.503<,-3.118<,-2.988<,-3.552<,29.666,0.0,114.0545,0.7351
2019-01-01T18:45:00.000+04:00,01.01.2019,18:45-19:00,18:45,PM,22.87,19.0,23.03,-3.398<,-3.588<,-3.207<,-2.988<,-3.552<,30.216,0.0,104.3602,0.6502
2019-01-01T19:00:00.000+04:00,01.01.2019,19:00-19:15,19:00,PM,22.51,19.11,22.94,-3.681<,-3.904<,-3.477<,,,30.582,0.0,51.5227,0.6019
2019-01-01T19:15:00.000+04:00,01.01.2019,19:15-19:30,19:15,PM,22.04,18.77,23.33,-3.950<,-4.189<,-3.739<,,,31.102,0.0,85.4512,0.5519
2019-01-01T19:30:00.000+04:00,01.01.2019,19:30-19:45,19:30,PM,21.5,18.67,22.59,-3.933<,-4.150<,-3.715<,,,32.167,0.0,108.7983,0.4377
2019-01-01T19:45:00.000+04:00,01.01.2019,19:45-20:00,19:45,PM,21.08,17.84,22.4,-3.843<,-4.058<,-3.637<,,,34.339,0.0,102.6454,0.5251
2019-01-01T20:00:00.000+04:00,01.01.2019,20:00-20:15,20:00,PM,20.41,18.62,22.58,-4.220<,-4.524<,-4.012<,,,35.705,0.0,89.5492,0.5376
2019-01-01T20:15:00.000+04:00,01.01.2019,20:15-20:30,20:15,PM,19.87,18.83,22.73,-3.972<,-4.224<,-3.763<,,,37.789,0.0,91.0872,0.4729
2019-01-01T20:30:00.000+04:00,01.01.2019,20:30-20:45,20:30,PM,19.52,18.85,22.72,-3.900<,-4.166<,-3.695<,-3.532<,-3.736<,39.816,0.0,87.8016,0.494
2019-01-01T20:45:00.000+04:00,01.01.2019,20:45-21:00,20:45,PM,19.11,18.64,22.86,-4.119<,-4.397<,-3.913<,-3.723<,-3.589<,41.869,0.0,96.6666,0.4937
2019-01-01T21:00:00.000+04:00,01.01.2019,21:00-21:15,21:00,PM,18.52,18.97,22.7,-3.782<,-4.019<,-3.593<,-3.412<,-3.340<,44.304,0.0,96.8282,0.5723
2019-01-01T21:15:00.000+04:00,01.01.2019,21:15-21:30,21:15,PM,18.1,18.78,22.83,-3.488<,-3.688<,-3.313<,-3.145<,-3.255<,46.392,0.0,107.1306,0.5613
2019-01-01T21:30:00.000+04:00,01.01.2019,21:30-21:45,21:30,PM,17.54,18.52,22.64,-2.985<,-3.171<,-2.832<,-2.711<,-3.186<,47.754,0.0,113.2082,0.8187
2019-01-01T21:45:00.000+04:00,01.01.2019,21:45-22:00,21:45,PM,17.19,18.96,22.93,-2.989<,-3.164<,-2.815<,-2.684<,-2.934<,49.087,0.0,101.2904,0.7726
2019-01-01T22:00:00.000+04:00,01.01.2019,22:00-22:15,22:00,PM,17.0,18.65,22.81,-2.953<,-3.091<,-2.757<,-2.639<,-2.951<,49.593,0.0,94.9057,0.8599
2019-01-01T22:15:00.000+04:00,01.01.2019,22:15-22:30,22:15,PM,17.09,18.65,22.67,-2.293<,-2.382<,-2.136<,-2.041<,-2.343<,49.55,0.0,93.142,1.1119
2019-01-01T22:30:00.000+04:00,01.01.2019,22:30-22:45,22:30,PM,16.96,18.64,22.75,-2.917<,-3.091<,-2.770<,-2.632<,-3.091<,49.754,0.0,106.8111,0.4919
2019-01-01T22:45:00.000+04:00,01.01.2019,22:45-23:00,22:45,PM,16.83,18.69,22.56,-2.483<,-2.570<,-2.303<,-2.205<,-2.695<,52.898,0.0,96.4233,0.8243
2019-01-01T23:00:00.000+04:00,01.01.2019,23:00-23:15,23:00,PM,16.93,18.83,22.77,-2.799<,-2.956<,-2.613<,-2.468<,-2.339<,54.051,0.0,95.7822,1.0529
2019-01-01T23:15:00.000+04:00,01.01.2019,23:15-23:30,23:15,PM,16.74,18.78,22.67,-2.476<,-2.593<,-2.320<,-2.229<,-2.667<,54.769,0.0,98.091,0.9309
2019-01-01T23:30:00.000+04:00,01.01.2019,23:30-23:45,23:30,PM,16.33,18.49,22.69,-2.598<,-2.721<,-2.433<,-2.349<,-2.797<,55.292,0.0,91.1353,1.1092
2019-01-01T23:45:00.000+04:00,01.01.2019,23:45-00:00,23:45,PM,16.26,18.84,22.77,-2.562<,-2.686<,-2.405<,-2.297<,-2.896<,55.887,0.0,87.715,0.576
2019-01-02T00:15:00.000+04:00,02.01.2019,00:15-00:30,00:15,AM,15.97,20.22,23.5,-2.501<,-2.636<,-2.344<,-2.236<,-2.599<,56.808,0.0,93.4637,0.6923
2019-01-02T00:30:00.000+04:00,02.01.2019,00:30-00:45,00:30,AM,15.79,20.52,23.87,-2.526<,-2.690<,-2.388<,-2.280<,-2.343<,57.5,0.0,93.8036,0.7832
2019-01-02T00:45:00.000+04:00,02.01.2019,00:45-01:00,00:45,AM,15.77,20.21,23.94,-1.841<,-1.927<,-1.723<,-1.644<,-1.844<,57.483,0.0,102.6573,1.1322
2019-01-02T01:00:00.000+04:00,02.01.2019,01:00-01:15,01:00,AM,15.67,20.13,24.06,-1.654<,-1.746<,-1.552<,-1.460<,-1.694<,58.188,0.0,95.0486,1.0555
2019-01-02T01:15:00.000+04:00,02.01.2019,01:15-01:30,01:15,AM,15.81,19.83,24.12,-1.554<,-1.607<,-1.464<,-1.381<,-1.954<,57.665,0.0,97.9588,0.7373
2019-01-02T01:30:00.000+04:00,02.01.2019,01:30-01:45,01:30,AM,15.77,20.35,24.2,-1.855<,-1.961<,-1.754<,-1.655<,-1.967<,57.411,0.0,101.8925,0.7402
2019-01-02T01:45:00.000+04:00,02.01.2019,01:45-02:00,01:45,AM,15.63,19.88,24.26,-1.862<,-1.931<,-1.740<,-1.655<,-2.179<,57.699,0.0,96.2282,0.8368
2019-01-02T02:00:00.000+04:00,02.01.2019,02:00-02:15,02:00,AM,15.59,20.16,24.09,-1.834<,-1.908<,-1.702<,-1.644<,-2.070<,57.368,0.0,96.4369,1.2837
2019-01-02T02:15:00.000+04:00,02.01.2019,02:15-02:30,02:15,AM,15.26,20.23,24.06,-2.146<,-2.270<,-2.023<,-1.925<,-2.319<,57.827,0.0,101.3619,1.0015
2019-01-02T02:30:00.000+04:00,02.01.2019,02:30-02:45,02:30,AM,15.01,19.99,24.22,-2.569<,-2.721<,-2.426<,-2.311<,-2.620<,57.417,0.0,95.505,0.7481
2019-01-02T02:45:00.000+04:00,02.01.2019,02:45-03:00,02:45,AM,14.74,19.93,24.24,-2.128<,-2.243<,-1.999<,-1.918<,-2.169<,57.939,0.0,97.4258,1.0384
2019-01-02T03:00:00.000+04:00,02.01.2019,03:00-03:15,03:00,AM,14.8,20.27,24.3,-1.794<,-1.869<,-1.672<,-1.590<,-2.025<,56.593,0.0,104.2828,0.8589
2019-01-02T03:15:00.000+04:00,02.01.2019,03:15-03:30,03:15,AM,14.64,19.77,24.25,-2.146<,-2.258<,-2.023<,-1.925<,-2.435<,55.842,0.0,121.2786,0.4267
2019-01-02T03:30:00.000+04:00,02.01.2019,03:30-03:45,03:30,AM,14.57,20.2,24.34,-1.927<,-2.039<,-1.815<,-1.713<,-1.916<,55.711,0.0,98.5148,1.0958
2019-01-02T03:45:00.000+04:00,02.01.2019,03:45-04:00,03:45,AM,14.53,20.12,24.31,-1.948<,-2.050<,-1.829<,-1.744<,-2.114<,54.556,0.0,96.3956,1.4266
2019-01-02T04:00:00.000+04:00,02.01.2019,04:00-04:15,04:00,AM,14.35,19.95,24.21,-2.052<,-2.150<,-1.924<,-1.846<,-2.261<,54.648,0.0,92.0816,1.067
2019-01-02T04:15:00.000+04:00,02.01.2019,04:15-04:30,04:15,AM,14.34,20.18,24.32,-1.995<,-2.089<,-1.873<,-1.791<,-2.244<,53.537,0.0,93.9672,0.992
2019-01-02T04:30:00.000+04:00,02.01.2019,04:30-04:45,04:30,AM,14.41,20.0,24.28,-1.676<,-1.742<,-1.569<,-1.494<,-1.971<,52.588,0.0,95.1164,1.1822
2019-01-02T04:45:00.000+04:00,02.01.2019,04:45-05:00,04:45,AM,14.37,20.01,24.4,-2.045<,-2.154<,-1.911<,-1.826<,-2.182<,51.957,0.0,95.0475,1.092
2019-01-02T05:00:00.000+04:00,02.01.2019,05:00-05:15,05:00,AM,14.26,19.67,24.22,-2.512<,-2.697<,-2.388<,-2.243<,-2.305<,51.95,0.0,93.5269,0.765
2019-01-02T05:15:00.000+04:00,02.01.2019,05:15-05:30,05:15,AM,14.24,20.23,23.57,-2.027<,-2.112<,-1.911<,-1.812<,-2.128<,51.595,0.0,94.375,0.7516
2019-01-02T05:30:00.000+04:00,02.01.2019,05:30-05:45,05:30,AM,13.96,19.4,24.42,-1.826<,-1.908<,-1.709<,-1.597<,-1.967<,51.9,0.0,102.1606,1.0993
2019-01-02T05:45:00.000+04:00,02.01.2019,05:45-06:00,05:45,AM,13.45,19.76,24.25,-1.981<,-2.112<,-1.876<,-1.788<,-2.022<,53.135,0.0,105.2806,1.3678
2019-01-02T06:00:00.000+04:00,02.01.2019,06:00-06:15,06:00,AM,13.36,20.42,24.47,-1.518<,-1.592<,-1.372<,-1.354<,-1.841<,53.707,0.0,95.952,1.2662
2019-01-02T06:15:00.000+04:00,02.01.2019,06:15-06:30,06:15,AM,13.6,20.02,24.31,-1.324<,-1.356<,-1.221<,-1.162<,-1.646<,53.49,0.0,95.2113,1.454
2019-01-02T06:30:00.000+04:00,02.01.2019,06:30-06:45,06:30,AM,13.89,19.99,24.32,-1.363<,-1.399<,-1.256<,-1.203<,-1.612<,52.352,0.0,94.8301,1.6807
2019-01-02T06:45:00.000+04:00,02.01.2019,06:45-00:00,06:45,AM,13.89,19.99,24.32,-1.363<,-1.399<,-1.256<,-1.203<,-1.612<,52.352,0.0,94.8301,1.6807
2019-01-02T07:00:00.000+04:00,02.01.2019,07:00-07:15,07:00,AM,13.48,20.2,24.4,8.504,9.002,8.089,8.26,7.261,53.693,0.0,98.0695,1.2541
2019-01-02T07:15:00.000+04:00,02.01.2019,07:15-07:30,07:15,AM,13.47,19.88,24.37,39.856,48.559,43.408,57.597,29.406,53.882,0.0,99.8965,1.3656
2019-01-02T07:30:00.000+04:00,02.01.2019,07:30-07:45,07:30,AM,13.88,20.08,24.33,87.051,125.561,115.534,157.412,65.468,52.789,0.0,101.4286,1.4601
2019-01-02T07:45:00.000+04:00,02.01.2019,07:45-08:00,07:45,AM,14.72,20.16,24.56,146.035,209.094,201.375,253.282,111.841,50.128,0.0,100.9966,1.42
2019-01-02T08:00:00.000+04:00,02.01.2019,08:00-08:15,08:00,AM,15.8,19.08,23.88,206.817,288.559,270.423,332.031,162.599,46.733,0.0,100.6813,1.6488
2019-01-02T08:15:00.000+04:00,02.01.2019,08:15-08:30,08:15,AM,17.06,19.67,23.12,247.937,332.817,323.654,360.226,201.868,43.608,0.0,105.7467,1.8695
2019-01-02T08:30:00.000+04:00,02.01.2019,08:30-08:45,08:30,AM,18.56,19.52,22.78,235.228,302.301,295.135,308.513,197.527,41.482,0.0,98.5923,1.8465
2019-01-02T08:45:00.000+04:00,02.01.2019,08:45-09:00,08:45,AM,19.6,19.54,22.92,357.664,459.353,448.035,459.282,300.57,40.596,0.0,95.1355,2.2563
2019-01-02T09:00:00.000+04:00,02.01.2019,09:00-09:15,09:00,AM,20.77,19.65,22.84,393.506,493.171,483.149,475.942,336.755,40.235,0.0,95.4135,2.4898
2019-01-02T09:15:00.000+04:00,02.01.2019,09:15-09:30,09:15,AM,21.96,19.32,22.36,463.283,578.447,568.117,543.101,398.75,39.535,0.0,95.2888,2.7803
2019-01-02T09:30:00.000+04:00,02.01.2019,09:30-09:45,09:30,AM,22.9,19.26,22.19,404.482,498.948,491.375,460.831,351.622,40.348,0.0,92.9496,2.845
2019-01-02T09:45:00.000+04:00,02.01.2019,09:45-10:00,09:45,AM,23.41,20.06,36.12,495.759,611.857,602.975,563.344,431.291,41.665,0.0,91.872,2.8435
2019-01-02T10:00:00.000+04:00,02.01.2019,10:00-10:15,10:00,AM,23.99,20.04,22.7,512.885,625.487,617.813,564.68,450.482,36.757,0.0,90.1215,2.7557
2019-01-02T10:15:00.000+04:00,02.01.2019,10:15-10:30,10:15,AM,24.59,20.19,22.77,546.2,675.715,668.53,612.472,478.518,33.546,0.0,87.4633,2.0572
2019-01-02T10:30:00.000+04:00,02.01.2019,10:30-10:45,10:30,AM,25.35,20.83,23.22,693.391,850.778,843.521,750.574,614.273,28.092,0.0,86.5771,1.9931
2019-01-02T10:45:00.000+04:00,02.01.2019,10:45-11:00,10:45,AM,25.94,20.84,23.48,527.201,633.229,629.113,545.88,471.728,24.99,0.0,84.8561,1.7846
2019-01-02T11:00:00.000+04:00,02.01.2019,11:00-11:15,11:00,AM,26.2,21.3,23.7,680.197,822.482,817.946,714.92,610.174,24.432,0.0,88.0002,1.9352
2019-01-02T11:15:00.000+04:00,02.01.2019,11:15-11:30,11:15,AM,26.49,21.08,23.66,620.858,728.933,726.677,609.039,566.168,23.738,0.0,92.5647,1.66
2019-01-02T11:30:00.000+04:00,02.01.2019,11:30-11:45,11:30,AM,27.51,21.39,24.08,560.89,651.01,649.969,532.024,512.633,21.12,0.0,90.0814,1.3475
2019-01-02T11:45:00.000+04:00,02.01.2019,11:45-12:00,11:45,AM,27.68,21.41,24.02,801.625,966.146,963.92,946.776,723.296,20.075,0.0,94.773,1.2211
2019-01-02T12:00:00.000+04:00,02.01.2019,12:00-12:15,12:00,PM,28.56,20.92,23.0,728.827,875.044,874.319,886.109,658.016,18.495,0.0,158.1296,1.1134
2019-01-02T12:15:00.000+04:00,02.01.2019,12:15-12:30,12:15,PM,28.87,21.97,24.14,809.171,996.763,998.485,"1,012.66",729.143,17.489,0.0,186.4125,1.2514
2019-01-02T12:30:00.000+04:00,02.01.2019,12:30-12:45,12:30,PM,28.76,21.25,23.57,638.687,742.659,745.09,751.022,590.328,17.675,0.0,211.3178,1.0632
2019-01-02T12:45:00.000+04:00,02.01.2019,12:45-13:00,12:45,PM,28.93,21.54,23.75,635.877,739.222,741.88,748.191,587.568,17.038,0.0,169.5407,1.3963
2019-01-02T13:00:00.000+04:00,02.01.2019,13:00-13:15,13:00,PM,28.42,21.3,23.73,644.248,757.738,759.649,766.034,592.879,17.997,0.0,262.2962,1.6413
2019-01-02T13:15:00.000+04:00,02.01.2019,13:15-13:30,13:15,PM,28.58,20.58,22.99,686.627,854.601,859.519,867.432,622.179,17.406,0.0,274.9776,1.6099
2019-01-02T13:30:00.000+04:00,02.01.2019,13:30-13:45,13:30,PM,28.38,19.41,20.77,422.795,490.397,495.186,497.306,397.517,17.068,0.0,308.3699,1.8498
2019-01-02T13:45:00.000+04:00,02.01.2019,13:45-14:00,13:45,PM,27.82,19.97,21.26,470.266,519.857,523.153,524.783,445.919,18.041,0.0,220.0136,1.635
2019-01-02T14:00:00.000+04:00,02.01.2019,14:00-14:15,14:00,PM,28.31,20.66,22.86,578.4,699.896,706.07,709.764,534.133,17.293,0.0,280.8627,1.907
2019-01-02T14:15:00.000+04:00,02.01.2019,14:15-14:30,14:15,PM,28.29,19.93,22.91,318.468,339.364,342.153,341.573,306.492,18.125,0.0,206.3582,1.2304
2019-01-02T14:30:00.000+04:00,02.01.2019,14:30-14:45,14:30,PM,27.9,19.64,22.49,388.324,435.811,439.075,439.391,367.493,18.997,0.0,264.032,1.4508
2019-01-02T14:45:00.000+04:00,02.01.2019,14:45-15:00,14:45,PM,28.09,20.35,23.22,412.569,522.066,528.55,529.744,377.893,18.822,0.0,245.6559,1.5821
2019-01-02T15:00:00.000+04:00,02.01.2019,15:00-15:15,15:00,PM,28.14,20.0,23.06,413.584,539.95,549.864,549.607,380.229,19.33,0.0,219.5722,1.4728
2019-01-02T15:15:00.000+04:00,02.01.2019,15:15-15:30,15:15,PM,29.21,20.59,23.29,456.283,595.044,607.854,605.624,420.222,17.862,0.0,151.6591,1.1168
2019-01-02T15:30:00.000+04:00,02.01.2019,15:30-15:45,15:30,PM,29.17,20.32,23.39,390.086,505.854,518.373,514.373,361.311,17.077,0.0,206.556,1.373
2019-01-02T15:45:00.000+04:00,02.01.2019,15:45-16:00,15:45,PM,29.14,19.97,23.28,364.672,472.173,484.985,480.585,338.75,17.023,0.0,218.833,1.3162
2019-01-02T16:00:00.000+04:00,02.01.2019,16:00-16:15,16:00,PM,28.39,19.32,23.15,284.467,385.461,398.117,393.173,262.657,17.325,0.0,272.7446,1.972
2019-01-02T16:15:00.000+04:00,02.01.2019,16:15-16:30,16:15,PM,27.74,19.39,22.88,220.911,302.836,313.681,309.176,205.198,18.966,0.0,259.7079,1.9091
2019-01-02T16:30:00.000+04:00,02.01.2019,16:30-16:45,16:30,PM,27.67,19.37,22.89,149.957,209.723,218.335,214.253,139.495,19.211,0.0,171.9593,0.886
2019-01-02T16:45:00.000+04:00,02.01.2019,16:45-17:00,16:45,PM,27.41,19.27,23.05,128.443,175.183,182.535,178.639,121.1,19.153,0.0,268.7912,1.4357
2019-01-02T17:00:00.000+04:00,02.01.2019,17:00-17:15,17:00,PM,27.04,19.45,23.28,85.185,122.871,128.949,125.621,80.072,19.977,0.0,214.0088,1.2623
2019-01-02T17:15:00.000+04:00,02.01.2019,17:15-17:30,17:15,PM,26.46,19.49,23.49,37.521,41.873,38.7,38.8,31.055,20.555,0.0,189.5626,1.2123
2019-01-02T17:30:00.000+04:00,02.01.2019,17:30-17:45,17:30,PM,25.66,20.14,24.26,6.29,6.705,6.053,6.085,5.908,21.436,0.0,341.0133,1.6585
2019-01-02T17:45:00.000+04:00,02.01.2019,17:45-18:00,17:45,PM,25.05,19.96,24.65,-1.496<,-1.615<,-1.416<,-1.436<,-1.209<,22.29,0.0,237.2083,0.8285
2019-01-02T18:00:00.000+04:00,02.01.2019,18:00-18:15,18:00,PM,24.61,20.28,24.7,-3.968<,-4.208<,-3.750<,-3.832<,-3.514<,23.426,0.0,272.8684,1.2256
2019-01-02T18:15:00.000+04:00,02.01.2019,18:15-18:30,18:15,PM,24.14,20.16,24.8,-3.811<,-4.039<,-3.606<,-3.672<,-3.753<,24.447,0.0,176.2556,0.6859
2019-01-02T18:30:00.000+04:00,02.01.2019,18:30-18:45,18:30,PM,23.6,20.4,24.6,-3.656<,-3.869<,-3.460<,-3.491<,-3.743<,25.038,0.0,87.6472,0.6308
2019-01-02T18:45:00.000+04:00,02.01.2019,18:45-19:00,18:45,PM,23.14,20.18,24.72,-3.061<,-3.225<,-2.883<,-2.930<,-3.248<,25.538,0.0,74.5853,0.5485
2019-01-02T19:00:00.000+04:00,02.01.2019,19:00-19:15,19:00,PM,22.72,20.38,24.61,-3.477<,-3.672<,-3.292<,-3.326<,-3.593<,25.966,0.0,76.579,0.465
2019-01-02T19:15:00.000+04:00,02.01.2019,19:15-19:30,19:15,PM,22.15,20.11,24.58,-4.058<,-4.328<,-3.852<,-3.884<,-4.064<,26.96,0.0,106.1695,0.4122
2019-01-02T19:30:00.000+04:00,02.01.2019,19:30-19:45,19:30,PM,21.55,20.14,24.61,-4.611<,-4.902<,-4.371<,-4.410<,-4.454<,28.137,0.0,86.1985,0.4758
2019-01-02T19:45:00.000+04:00,02.01.2019,19:45-20:00,19:45,PM,20.85,20.67,24.32,-4.711<,-5.040<,-4.487<,-4.513<,-4.498<,29.631,0.0,87.9654,0.5636
2019-01-02T20:00:00.000+04:00,02.01.2019,20:00-20:15,20:00,PM,20.31,20.35,24.27,-4.306<,-4.601<,-4.098<,-4.140<,-3.904<,30.393,0.0,97.2833,0.5042
2019-01-02T20:15:00.000+04:00,02.01.2019,20:15-20:30,20:15,PM,19.75,20.29,24.54,-4.062<,-4.324<,-3.866<,-3.918<,-3.972<,31.573,0.0,106.6513,0.352
2019-01-02T20:30:00.000+04:00,02.01.2019,20:30-20:45,20:30,PM,19.02,20.34,24.53,-3.983<,-4.250<,-3.791<,-3.826<,-3.948<,33.551,0.0,117.863,0.4704
2019-01-02T20:45:00.000+04:00,02.01.2019,20:45-21:00,20:45,PM,18.54,20.17,24.43,-3.685<,-3.923<,-3.497<,-3.545<,-3.562<,34.998,0.0,122.5805,0.4789
2019-01-02T21:00:00.000+04:00,02.01.2019,21:00-21:15,21:00,PM,18.26,20.68,24.24,-3.197<,-3.353<,-3.023<,-3.101<,-3.265<,36.011,0.0,110.5105,0.4147
2019-01-02T21:15:00.000+04:00,02.01.2019,21:15-21:30,21:15,PM,18.08,20.32,24.22,-3.161<,-3.349<,-2.979<,-3.036<,-3.029<,36.831,0.0,106.7947,0.48
2019-01-02T21:30:00.000+04:00,02.01.2019,21:30-21:45,21:30,PM,17.78,19.96,24.3,-2.914<,-3.067<,-2.740<,-2.803<,-2.971<,38.131,0.0,108.6081,0.7039
2019-01-02T21:45:00.000+04:00,02.01.2019,21:45-22:00,21:45,PM,17.71,20.07,24.29,-2.842<,-3.021<,-2.682<,-2.721<,-2.606<,38.284,0.0,104.4988,0.9144
2019-01-02T22:00:00.000+04:00,02.01.2019,22:00-22:15,22:00,PM,17.13,19.95,24.1,-3.391<,-3.634<,-3.224<,-3.238<,-3.166<,38.285,0.0,101.8994,0.872
2019-01-02T22:15:00.000+04:00,02.01.2019,22:15-22:30,22:15,PM,16.87,19.9,24.23,-2.888<,-3.075<,-2.740<,-2.762<,-2.739<,39.559,0.0,102.5516,0.9082
2019-01-02T22:30:00.000+04:00,02.01.2019,22:30-22:45,22:30,PM,16.7,20.03,24.12,-2.702<,-2.867<,-2.555<,-2.622<,-2.855<,40.232,0.0,108.1282,0.7475
2019-01-02T22:45:00.000+04:00,02.01.2019,22:45-23:00,22:45,PM,16.32,19.84,24.22,-2.949<,-3.118<,-2.791<,-2.851<,-2.992<,40.472,0.0,101.6732,0.695
2019-01-02T23:00:00.000+04:00,02.01.2019,23:00-23:15,23:00,PM,16.12,19.86,24.25,-2.609<,-2.755<,-2.467<,-2.523<,-2.678<,41.291,0.0,109.8232,0.7998
2019-01-02T23:15:00.000+04:00,02.01.2019,23:15-23:30,23:15,PM,15.81,19.93,24.05,-2.745<,-2.913<,-2.586<,-2.643<,-2.794<,42.046,0.0,101.777,0.8242
2019-01-02T23:30:00.000+04:00,02.01.2019,23:30-23:45,23:30,PM,15.88,20.18,24.35,-2.239<,-2.320<,-2.081<,-2.147<,-2.309<,42.518,0.0,100.4669,1.1533
2019-01-02T23:45:00.000+04:00,02.01.2019,23:45-00:00,23:45,PM,16.05,19.92,24.24,-2.243<,-2.347<,-2.095<,-2.181<,-2.555<,42.701,0.0,101.7916,0.7612
2019-01-03T00:15:00.000+04:00,03.01.2019,00:15-00:30,00:15,AM,15.62,20.26,24.31,-2.691<,-2.867<,-2.552<,-2.619<,-2.872<,44.47,0.0,99.9473,0.5876
2019-01-03T00:30:00.000+04:00,03.01.2019,00:30-00:45,00:30,AM,16.51,19.95,24.37,-1.582<,-1.603<,-1.443<,-1.573<,-1.619<,43.865,0.0,94.2283,0.6279
2019-01-03T00:45:00.000+04:00,03.01.2019,00:45-01:00,00:45,AM,16.49,20.06,24.36,-2.957<,-3.141<,-2.787<,-2.862<,-2.678<,41.751,0.0,108.8439,0.7062
2019-01-03T01:00:00.000+04:00,03.01.2019,01:00-01:15,01:00,AM,14.82,20.08,24.35,-3.907<,-4.204<,-3.743<,-3.774<,-3.692<,43.601,0.0,108.8993,0.7938
2019-01-03T01:15:00.000+04:00,03.01.2019,01:15-01:30,01:15,AM,14.22,20.01,24.28,-2.996<,-3.187<,-2.822<,-2.875<,-2.971<,45.92,0.0,107.0278,1.1565
2019-01-03T01:30:00.000+04:00,03.01.2019,01:30-01:45,01:30,AM,13.96,20.02,24.32,-2.494<,-2.597<,-2.313<,-2.383<,-2.633<,47.522,0.0,104.6318,1.1086
2019-01-03T01:45:00.000+04:00,03.01.2019,01:45-02:00,01:45,AM,14.02,19.96,24.25,-2.250<,-2.355<,-2.105<,-2.171<,-2.442<,48.671,0.0,101.4815,1.2232
2019-01-03T02:00:00.000+04:00,03.01.2019,02:00-02:15,02:00,AM,14.04,20.2,24.53,-2.063<,-2.139<,-1.921<,-2.003<,-2.360<,49.693,0.0,100.3794,0.9527
2019-01-03T02:15:00.000+04:00,03.01.2019,02:15-02:30,02:15,AM,14.25,19.8,24.18,-2.085<,-2.170<,-1.952<,-2.017<,-2.223<,49.515,0.0,102.3054,1.118
2019-01-03T02:30:00.000+04:00,03.01.2019,02:30-02:45,02:30,AM,14.32,20.18,24.45,-2.239<,-2.362<,-2.098<,-2.157<,-2.247<,49.392,0.0,103.3247,1.3026
2019-01-03T02:45:00.000+04:00,03.01.2019,02:45-03:00,02:45,AM,14.45,20.06,24.29,-2.124<,-2.231<,-1.992<,-2.038<,-2.097<,49.209,0.0,95.7636,1.5177
2019-01-03T03:00:00.000+04:00,03.01.2019,03:00-03:15,03:00,AM,13.95,19.95,24.37,-3.043<,-3.252<,-2.897<,-2.916<,-2.910<,49.035,0.0,99.037,1.1969
2019-01-03T03:15:00.000+04:00,03.01.2019,03:15-03:30,03:15,AM,13.35,19.92,24.35,-2.806<,-2.975<,-2.661<,-2.701<,-2.848<,50.864,0.0,104.4743,1.159
2019-01-03T03:30:00.000+04:00,03.01.2019,03:30-03:45,03:30,AM,12.99,19.84,24.32,-2.451<,-2.605<,-2.317<,-2.356<,-2.579<,51.653,0.0,104.3528,1.2622
2019-01-03T03:45:00.000+04:00,03.01.2019,03:45-04:00,03:45,AM,12.83,20.25,24.48,-2.160<,-2.281<,-2.047<,-2.089<,-2.445<,52.943,0.0,94.5707,1.0367
2019-01-03T04:00:00.000+04:00,03.01.2019,04:00-04:15,04:00,AM,12.99,19.79,24.45,-1.966<,-2.050<,-1.832<,-1.901<,-2.066<,54.494,0.0,95.8263,1.3572
2019-01-03T04:15:00.000+04:00,03.01.2019,04:15-04:30,04:15,AM,13.01,20.17,24.37,-2.113<,-2.208<,-1.982<,-2.021<,-2.158<,56.033,0.0,90.6392,1.2102
2019-01-03T04:30:00.000+04:00,03.01.2019,04:30-04:45,04:30,AM,12.93,19.96,24.27,-1.991<,-2.077<,-1.873<,-1.925<,-2.128<,56.473,0.0,100.6235,1.5232
2019-01-03T04:45:00.000+04:00,03.01.2019,04:45-05:00,04:45,AM,12.77,20.03,24.34,-1.952<,-2.058<,-1.829<,-1.880<,-2.145<,57.326,0.0,104.5569,1.6261
2019-01-03T05:00:00.000+04:00,03.01.2019,05:00-05:15,05:00,AM,8.46,13.26,16.2,-1.080<,-1.191<,-1.064<,-1.091<,-1.346<,38.667,0.0,101.1705,1.6946
2019-01-03T05:15:00.000+04:00,03.01.2019,05:15-05:30,05:15,AM,12.73,20.14,24.34,-1.658<,-1.742<,-1.549<,-1.603<,-1.954<,57.779,0.0,105.5921,1.6717
2019-01-03T05:30:00.000+04:00,03.01.2019,05:30-05:45,05:30,AM,12.82,20.01,24.29,-1.579<,-1.645<,-1.470<,-1.515<,-1.858<,57.654,0.0,102.5517,1.7472
2019-01-03T05:45:00.000+04:00,03.01.2019,05:45-06:00,05:45,AM,13.04,19.91,24.28,-1.503<,-1.545<,-1.382<,-1.453<,-1.844<,57.299,0.0,102.3645,1.6857
2019-01-03T06:00:00.000+04:00,03.01.2019,06:00-06:15,06:00,AM,13.15,20.26,24.47,-1.554<,-1.618<,-1.433<,-1.501<,-1.800<,56.713,0.0,104.6642,1.7566
2019-01-03T06:15:00.000+04:00,03.01.2019,06:15-06:30,06:15,AM,13.14,19.74,24.29,-1.787<,-1.857<,-1.675<,-1.726<,-1.971<,56.238,0.0,104.4362,1.4738
2019-01-03T06:30:00.000+04:00,03.01.2019,06:30-06:45,06:30,AM,13.01,20.07,24.39,-1.776<,-1.861<,-1.662<,-1.709<,-1.971<,55.848,0.0,107.2565,1.7561
2019-01-03T06:45:00.000+04:00,03.01.2019,06:45-07:00,06:45,AM,12.77,20.07,24.57,1.575,1.699,1.515,1.521,0.905,56.297,0.0,103.5933,1.4072
2019-01-03T07:00:00.000+04:00,03.01.2019,07:00-07:15,07:00,AM,12.67,19.85,24.37,11.234,12.035,10.805,10.906,8.408,56.664,0.0,102.5206,1.2424
2019-01-03T07:15:00.000+04:00,03.01.2019,07:15-07:30,07:15,AM,13.04,20.1,24.41,41.424,59.094,52.897,59.969,30.543,56.084,0.0,95.4576,1.3609
2019-01-03T07:30:00.000+04:00,03.01.2019,07:30-07:45,07:30,AM,13.78,20.22,24.6,86.412,123.815,112.832,124.472,66.359,53.407,0.0,99.1236,1.5255
2019-01-03T07:45:00.000+04:00,03.01.2019,07:45-08:00,07:45,AM,14.64,19.78,24.8,144.101,203.807,194.357,204.301,110.803,50.32,0.0,102.0361,1.7188
2019-01-03T08:00:00.000+04:00,03.01.2019,08:00-08:15,08:00,AM,15.37,19.26,24.03,154.503,214.771,205.237,214.899,119.122,47.122,0.0,109.8476,2.1139
2019-01-03T08:15:00.000+04:00,03.01.2019,08:15-08:30,08:15,AM,15.68,18.97,23.39,160.366,216.825,208.458,217.074,128.289,45.821,0.0,111.2799,2.1784
2019-01-03T08:30:00.000+04:00,03.01.2019,08:30-08:45,08:30,AM,17.38,19.61,22.94,313.735,425.464,412.6,427.593,253.641,42.297,0.0,113.5251,2.4836
2019-01-03T08:45:00.000+04:00,03.01.2019,08:45-09:00,08:45,AM,19.88,19.88,23.17,428.217,555.661,540.843,558.232,356.021,35.15,0.0,123.0773,2.7601
2019-01-03T09:00:00.000+04:00,03.01.2019,09:00-09:15,09:00,AM,21.87,19.51,39.64,468.525,592.605,579.144,595.569,397.09,30.296,0.0,136.0342,2.9746
2019-01-03T09:15:00.000+04:00,03.01.2019,09:15-09:30,09:15,AM,23.38,20.26,22.99,493.724,605.757,594.565,608.817,427.343,29.207,0.0,138.4288,2.9966
2019-01-03T09:30:00.000+04:00,03.01.2019,09:30-09:45,09:30,AM,23.73,19.45,22.53,342.896,401.699,396.264,403.624,305.775,30.763,0.0,147.2526,3.1349
2019-01-03T09:45:00.000+04:00,03.01.2019,09:45-10:00,09:45,AM,24.04,19.79,22.75,485.048,573.303,565.732,575.709,432.234,32.566,0.0,144.1512,3.1592
2019-01-03T10:00:00.000+04:00,03.01.2019,10:00-10:15,10:00,AM,24.56,19.42,22.54,491.59,576.971,570.249,580.051,440.727,32.794,0.0,141.7873,3.3381
2019-01-03T10:15:00.000+04:00,03.01.2019,10:15-10:30,10:15,AM,25.27,19.56,22.64,449.681,528.077,523.422,532.342,406.479,32.235,0.0,144.3595,3.1424
2019-01-03T10:30:00.000+04:00,03.01.2019,10:30-10:45,10:30,AM,25.55,19.24,22.36,470.495,549.225,544.493,552.325,426.568,32.961,0.0,145.8184,2.4707
2019-01-03T10:45:00.000+04:00,03.01.2019,10:45-11:00,10:45,AM,26.32,20.08,22.89,564.413,670.967,666.073,676.198,509.57,31.778,0.0,140.6312,3.2229
2019-01-03T11:00:00.000+04:00,03.01.2019,11:00-11:15,11:00,AM,26.91,20.35,23.22,535.131,619.141,615.664,623.535,489.652,30.428,0.0,160.9725,2.6285
2019-01-03T11:15:00.000+04:00,03.01.2019,11:15-11:30,11:15,AM,27.37,20.59,23.42,588.479,708.2,704.285,713.381,532.531,29.436,0.0,155.8116,2.44
2019-01-03T11:30:00.000+04:00,03.01.2019,11:30-11:45,11:30,AM,27.85,20.66,23.57,572.07,669.776,668.526,676.817,527.305,27.808,0.0,166.2273,2.2651
2019-01-03T11:45:00.000+04:00,03.01.2019,11:45-12:00,11:45,AM,28.72,21.39,24.06,660.797,790.262,787.1,795.255,598.801,26.065,0.0,155.7906,2.0214
2019-01-03T12:00:00.000+04:00,03.01.2019,12:00-12:15,12:00,PM,28.94,21.38,24.05,593.965,704.023,703.2,710.499,543.286,24.418,0.0,181.7152,2.3027
2019-01-03T12:15:00.000+04:00,03.01.2019,12:15-12:30,12:15,PM,29.91,21.87,24.2,798.855,974.401,974.551,985.395,723.907,22.6,0.0,183.7499,2.0842
2019-01-03T12:30:00.000+04:00,03.01.2019,12:30-12:45,12:30,PM,29.95,21.05,23.43,593.018,700.859,702.893,709.583,543.986,22.86,0.0,187.8029,2.2533
2019-01-03T12:45:00.000+04:00,03.01.2019,12:45-13:00,12:45,PM,29.93,20.91,23.25,581.507,696.875,698.891,705.911,532.9,22.774,0.0,190.7999,2.293
2019-01-03T13:00:00.000+04:00,03.01.2019,13:00-13:15,13:00,PM,30.0,20.79,23.07,739.76,905.276,908.854,917.798,673.234,23.293,0.0,209.523,2.3542
2019-01-03T13:15:00.000+04:00,03.01.2019,13:15-13:30,13:15,PM,30.53,20.41,21.54,790.423,977.31,983.135,992.075,717.155,22.712,0.0,191.4505,2.3858
2019-01-03T13:30:00.000+04:00,03.01.2019,13:30-13:45,13:30,PM,30.76,19.89,20.91,686.329,841.002,846.919,852.598,624.874,21.991,0.0,193.8997,2.2124
2019-01-03T13:45:00.000+04:00,03.01.2019,13:45-14:00,13:45,PM,31.21,19.9,21.02,642.332,801.811,808.813,814.52,583.876,20.652,0.0,203.9298,1.91
2019-01-03T14:00:00.000+04:00,03.01.2019,14:00-14:15,14:00,PM,31.41,20.0,20.21,681.285,856.983,866.36,870.933,620.171,20.154,0.0,212.1384,2.2154
2019-01-03T14:15:00.000+04:00,03.01.2019,14:15-14:30,14:15,PM,31.78,20.21,20.1,610.33,779.137,789.458,793.658,558.005,19.37,0.0,211.8341,1.9049
2019-01-03T14:30:00.000+04:00,03.01.2019,14:30-14:45,14:30,PM,31.78,20.52,20.32,586.807,756.135,767.315,768.841,534.474,19.1,0.0,205.5734,1.9919
2019-01-03T14:45:00.000+04:00,03.01.2019,14:45-15:00,14:45,PM,31.85,20.13,19.95,546.595,710.046,722.02,722.096,498.801,18.417,0.0,209.0565,1.9347
2019-01-03T15:00:00.000+04:00,03.01.2019,15:00-15:15,15:00,PM,31.88,20.02,19.75,497.596,651.95,665.138,663.607,455.628,17.731,0.0,219.9786,1.8453
2019-01-03T15:15:00.000+04:00,03.01.2019,15:15-15:30,15:15,PM,31.98,20.35,19.91,448.407,596.674,610.6,607.607,409.85,17.371,0.0,205.0173,1.7119
2019-01-03T15:30:00.000+04:00,03.01.2019,15:30-15:45,15:30,PM,31.97,19.43,19.53,392.221,530.555,544.384,539.959,358.21,17.921,0.0,203.5167,1.7225
2019-01-03T15:45:00.000+04:00,03.01.2019,15:45-16:00,15:45,PM,31.7,19.15,19.22,340.388,469.572,483.859,478.284,311.294,18.308,0.0,206.4139,1.7587
2019-01-03T16:00:00.000+04:00,03.01.2019,16:00-16:15,16:00,PM,31.3,18.91,19.45,286.652,405.457,420.096,414.287,261.783,18.295,0.0,203.9981,1.621
2019-01-03T16:15:00.000+04:00,03.01.2019,16:15-16:30,16:15,PM,31.22,18.01,19.41,230.603,337.029,350.884,344.55,210.444,18.151,0.0,228.6857,1.6815
2019-01-03T16:30:00.000+04:00,03.01.2019,16:30-16:45,16:30,PM,30.95,17.85,19.7,173.398,263.607,276.107,270.168,158.34,19.221,0.0,227.0044,1.2959
2019-01-03T16:45:00.000+04:00,03.01.2019,16:45-17:00,16:45,PM,30.92,17.45,20.49,117.883,188.628,199.13,193.535,108.023,19.166,0.0,242.9499,1.0724
2019-01-03T17:00:00.000+04:00,03.01.2019,17:00-17:15,17:00,PM,30.32,17.71,21.05,68.877,115.445,122.931,118.756,63.419,20.031,0.0,247.4,1.1959
2019-01-03T17:15:00.000+04:00,03.01.2019,17:15-17:30,17:15,PM,29.32,17.61,21.58,30.445,47.923,47.441,48.448,26.247,21.563,0.0,238.4443,1.0451
2019-01-03T17:30:00.000+04:00,03.01.2019,17:30-17:45,17:30,PM,28.05,17.94,22.33,6.114,6.539,5.94,5.935,4.225,23.447,0.0,247.2705,0.887
2019-01-03T17:45:00.000+04:00,03.01.2019,17:45-18:00,17:45,PM,26.86,18.27,22.36,-3.215<,-3.511<,-3.101<,-3.060<,-2.814<,25.58,0.0,315.6645,1.6209
2019-01-03T18:00:00.000+04:00,03.01.2019,18:00-18:15,18:00,PM,25.76,18.27,22.47,-4.299<,-4.574<,-4.084<,-4.171<,-3.924<,28.828,0.0,333.9474,1.6664
2019-01-03T18:15:00.000+04:00,03.01.2019,18:15-18:30,18:15,PM,25.03,18.44,22.19,-4.291<,-4.551<,-4.067<,-4.168<,-3.931<,30.236,0.0,317.5424,1.2707
2019-01-03T18:30:00.000+04:00,03.01.2019,18:30-18:45,18:30,PM,24.44,18.59,22.41,-4.467<,-4.775<,-4.248<,-4.304<,-4.068<,31.499,0.0,333.7454,0.8342
2019-01-03T18:45:00.000+04:00,03.01.2019,18:45-19:00,18:45,PM,23.92,18.43,22.47,-4.159<,-4.405<,-3.937<,-3.993<,-3.911<,32.8,0.0,287.7109,0.8868
2019-01-03T19:00:00.000+04:00,03.01.2019,19:00-19:15,19:00,PM,22.91,17.61,21.4,-3.811<,-4.039<,-3.596<,-3.651<,-3.716<,32.15,0.0,126.0743,0.548
2019-01-03T19:15:00.000+04:00,03.01.2019,19:15-19:30,19:15,PM,23.05,18.47,22.13,-4.521<,-4.844<,-4.299<,-4.311<,-4.259<,34.113,0.0,80.33,0.3909
2019-01-03T19:30:00.000+04:00,03.01.2019,19:30-19:45,19:30,PM,22.56,18.41,22.19,-3.886<,-4.119<,-3.671<,-3.726<,-3.911<,35.343,0.0,88.9858,0.4036
2019-01-03T19:45:00.000+04:00,03.01.2019,19:45-20:00,19:45,PM,21.85,18.53,22.21,-4.040<,-4.308<,-3.838<,-3.897<,-4.064<,36.803,0.0,122.6301,0.514
2019-01-03T20:00:00.000+04:00,03.01.2019,20:00-20:15,20:00,PM,21.22,18.48,22.14,-3.710<,-3.938<,-3.518<,-3.549<,-3.545<,39.255,0.0,95.1094,0.6064
2019-01-03T20:15:00.000+04:00,03.01.2019,20:15-20:30,20:15,PM,21.14,18.51,21.98,-3.488<,-3.692<,-3.269<,-3.326<,-3.128<,39.284,0.0,93.1407,0.657
2019-01-03T20:30:00.000+04:00,03.01.2019,20:30-20:45,20:30,PM,20.89,18.51,22.16,-3.254<,-3.449<,-3.091<,-3.118<,-2.917<,38.902,0.0,93.3827,0.626
2019-01-03T20:45:00.000+04:00,03.01.2019,20:45-21:00,20:45,PM,20.58,18.52,22.34,-2.982<,-3.164<,-2.818<,-2.896<,-2.995<,39.398,0.0,103.0808,0.8663
2019-01-03T21:00:00.000+04:00,03.01.2019,21:00-21:15,21:00,PM,20.23,18.49,22.27,-2.967<,-3.148<,-2.808<,-2.868<,-2.968<,40.326,0.0,102.7686,0.7945
2019-01-03T21:15:00.000+04:00,03.01.2019,21:15-21:30,21:15,PM,19.91,18.84,22.8,-2.881<,-3.048<,-2.723<,-2.786<,-2.930<,40.741,0.0,99.5155,0.9559
2019-01-03T21:30:00.000+04:00,03.01.2019,21:30-21:45,21:30,PM,19.63,18.81,22.61,-2.781<,-2.917<,-2.610<,-2.677<,-2.719<,41.56,0.0,93.397,1.0132
2019-01-03T21:45:00.000+04:00,03.01.2019,21:45-22:00,21:45,PM,19.57,18.55,22.46,-2.684<,-2.836<,-2.559<,-2.636<,-2.732<,41.853,0.0,107.239,0.9419
2019-01-03T22:00:00.000+04:00,03.01.2019,22:00-22:15,22:00,PM,18.85,18.33,22.42,-3.028<,-3.249<,-2.880<,-2.913<,-3.091<,43.39,0.0,107.651,1.01
2019-01-03T22:15:00.000+04:00,03.01.2019,22:15-22:30,22:15,PM,18.48,18.49,22.49,-2.677<,-2.855<,-2.528<,-2.574<,-2.763<,44.658,0.0,108.4807,1.339
2019-01-03T22:30:00.000+04:00,03.01.2019,22:30-22:45,22:30,PM,18.11,18.69,22.48,-2.774<,-2.956<,-2.631<,-2.650<,-2.879<,45.294,0.0,109.5943,1.0466
2019-01-03T22:45:00.000+04:00,03.01.2019,22:45-23:00,22:45,PM,17.87,18.58,22.58,-2.648<,-2.805<,-2.504<,-2.550<,-2.770<,46.077,0.0,105.95,0.8358
2019-01-03T23:00:00.000+04:00,03.01.2019,23:00-23:15,23:00,PM,17.84,18.76,22.83,-2.515<,-2.659<,-2.368<,-2.421<,-2.582<,46.188,0.0,102.707,0.7446
2019-01-03T23:15:00.000+04:00,03.01.2019,23:15-23:30,23:15,PM,17.87,18.63,22.73,-1.999<,-2.081<,-1.856<,-1.938<,-2.227<,45.9,0.0,106.9054,1.2185
2019-01-03T23:30:00.000+04:00,03.01.2019,23:30-23:45,23:30,PM,17.86,18.72,22.72,-1.920<,-2.015<,-1.801<,-1.870<,-2.186<,45.401,0.0,104.3268,1.519
2019-01-03T23:45:00.000+04:00,03.01.2019,23:45-00:00,23:45,PM,17.67,18.58,22.85,-1.920<,-2.324<,-2.078<,-2.120<,-2.449<,45.735,0.0,105.811,1.2691
2019-01-04T00:15:00.000+04:00,04.01.2019,00:15-00:30,00:15,AM,17.7,18.72,22.89,-2.078<,-2.189<,-1.965<,-2.003<,-2.336<,44.541,0.0,107.3743,1.313
2019-01-04T00:30:00.000+04:00,04.01.2019,00:30-00:45,00:30,AM,17.51,18.52,22.61,-2.278<,-2.412<,-2.153<,-2.191<,-2.439<,44.532,0.0,106.3601,1.4172
2019-01-04T00:45:00.000+04:00,04.01.2019,00:45-01:00,00:45,AM,17.06,18.42,22.92,-2.483<,-2.674<,-2.371<,-2.376<,-2.531<,45.339,0.0,107.0736,1.4561
2019-01-04T01:00:00.000+04:00,04.01.2019,01:00-01:15,01:00,AM,16.79,18.58,22.62,-2.250<,-2.393<,-2.129<,-2.178<,-2.449<,46.215,0.0,105.8207,1.1264
2019-01-04T01:15:00.000+04:00,04.01.2019,01:15-01:30,01:15,AM,16.85,17.7,22.66,-2.174<,-2.289<,-2.044<,-2.082<,-2.326<,45.98,0.0,103.4411,0.7227
2019-01-04T01:30:00.000+04:00,04.01.2019,01:30-01:45,01:30,AM,16.94,18.49,22.4,-1.758<,-1.796<,-1.627<,-1.723<,-2.032<,44.898,0.0,108.6488,1.1214
2019-01-04T01:45:00.000+04:00,04.01.2019,01:45-02:00,01:45,AM,16.84,18.66,22.66,-2.174<,-2.277<,-2.044<,-2.103<,-2.302<,44.949,0.0,104.4349,0.801
2019-01-04T02:00:00.000+04:00,04.01.2019,02:00-02:15,02:00,AM,16.81,18.45,22.63,-2.024<,-2.100<,-1.897<,-1.949<,-2.083<,44.821,0.0,110.0175,1.0023
2019-01-04T02:15:00.000+04:00,04.01.2019,02:15-02:30,02:15,AM,16.56,18.39,22.61,-2.411<,-2.582<,-2.293<,-2.308<,-2.350<,44.556,0.0,110.1063,1.0922
2019-01-04T02:30:00.000+04:00,04.01.2019,02:30-02:45,02:30,AM,16.08,18.45,22.38,-2.332<,-2.482<,-2.224<,-2.256<,-2.411<,45.439,0.0,111.846,1.3883
2019-01-04T02:45:00.000+04:00,04.01.2019,02:45-03:00,02:45,AM,15.64,18.18,22.31,-2.153<,-2.301<,-2.037<,-2.068<,-2.254<,46.223,0.0,111.8053,1.5199
2019-01-04T03:00:00.000+04:00,04.01.2019,03:00-03:15,03:00,AM,15.41,18.45,22.47,-2.128<,-2.243<,-1.996<,-2.044<,-2.244<,46.872,0.0,105.9603,1.0375
2019-01-04T03:15:00.000+04:00,04.01.2019,03:15-03:30,03:15,AM,15.42,18.19,22.37,-1.859<,-1.977<,-1.760<,-1.798<,-1.981<,46.299,0.0,111.4358,1.3167
2019-01-04T03:30:00.000+04:00,04.01.2019,03:30-03:45,03:30,AM,15.42,18.24,22.42,-1.790<,-1.854<,-1.675<,-1.716<,-2.025<,45.848,0.0,108.9307,1.2151
2019-01-04T03:45:00.000+04:00,04.01.2019,03:45-04:00,03:45,AM,15.51,18.44,22.29,-1.859<,-1.923<,-1.709<,-1.795<,-2.066<,45.488,0.0,106.3839,1.1034
2019-01-04T04:00:00.000+04:00,04.01.2019,04:00-04:15,04:00,AM,15.54,18.13,22.32,-1.862<,-1.934<,-1.740<,-1.798<,-2.032<,45.178,0.0,107.5058,1.2662
2019-01-04T04:15:00.000+04:00,04.01.2019,04:15-04:30,04:15,AM,15.57,18.41,22.05,-1.579<,-1.626<,-1.457<,-1.518<,-1.906<,44.956,0.0,109.1477,1.7936
2019-01-04T04:30:00.000+04:00,04.01.2019,04:30-04:45,04:30,AM,15.44,18.44,22.48,-1.938<,-2.039<,-1.818<,-1.880<,-2.203<,45.083,0.0,108.423,1.5337
2019-01-04T04:45:00.000+04:00,04.01.2019,04:45-05:00,04:45,AM,15.13,18.44,22.28,-2.078<,-2.185<,-1.955<,-1.986<,-2.203<,46.194,0.0,108.3149,1.6351
2019-01-04T05:00:00.000+04:00,04.01.2019,05:00-05:15,05:00,AM,10.99,13.52,16.35,-1.328<,-1.387<,-1.238<,-1.282<,-1.469<,34.603,0.0,107.655,1.589
2019-01-04T05:15:00.000+04:00,04.01.2019,05:15-05:30,05:15,AM,14.89,18.53,22.47,-1.762<,-1.861<,-1.655<,-1.689<,-1.855<,47.866,0.0,110.7698,2.0476
2019-01-04T05:45:00.000+04:00,04.01.2019,05:45-06:00,05:45,AM,14.67,18.35,22.37,-1.726<,-1.827<,-1.617<,-1.644<,-1.844<,51.159,0.0,111.0231,1.7963
2019-01-04T06:00:00.000+04:00,04.01.2019,06:00-06:15,06:00,AM,14.72,18.49,22.22,-1.561<,-1.661<,-1.470<,-1.532<,-1.844<,52.853,0.0,108.3914,1.5537
2019-01-04T06:15:00.000+04:00,04.01.2019,06:15-06:30,06:15,AM,14.74,17.96,21.77,-1.611<,-1.680<,-1.498<,-1.538<,-1.817<,54.413,0.0,108.3089,1.5294
2019-01-04T06:30:00.000+04:00,04.01.2019,06:30-06:45,06:30,AM,14.79,18.26,22.04,-1.460<,-1.538<,-1.365<,-1.429<,-1.691<,55.537,0.0,110.3927,1.7598
2019-01-04T06:45:00.000+04:00,04.01.2019,06:45-07:00,06:45,AM,14.71,18.48,22.28,-0.850<,-0.882<,-0.785<,-0.821<,-1.168<,56.561,0.0,106.712,1.3812
2019-01-04T07:00:00.000+04:00,04.01.2019,07:00-07:15,07:00,AM,14.64,18.09,22.46,3.384,3.584,3.224,3.251,2.964,58.15,0.0,110.0943,1.745
2019-01-04T07:15:00.000+04:00,04.01.2019,07:15-07:30,07:15,AM,14.74,18.41,22.2,17.14,18.235,16.329,16.54,15.249,59.066,0.0,110.2405,1.9798
2019-01-04T07:30:00.000+04:00,04.01.2019,07:30-07:45,07:30,AM,15.07,18.53,22.25,72.914,97.303,86.916,96.441,57.978,59.336,0.0,111.5983,2.3632
2019-01-04T07:45:00.000+04:00,04.01.2019,07:45-08:00,07:45,AM,15.86,18.27,22.58,112.217,154.732,148.441,155.313,89.102,57.272,0.0,112.5163,2.3746
2019-01-04T08:00:00.000+04:00,04.01.2019,08:00-08:15,08:00,AM,16.83,18.16,23.04,166.71,225.287,218.079,226.26,134.126,54.403,0.0,111.9891,2.2864
2019-01-04T08:15:00.000+04:00,04.01.2019,08:15-08:30,08:15,AM,18.04,18.31,22.5,212.899,278.173,270.693,279.73,176.117,50.649,0.0,115.3015,2.2009
2019-01-04T08:30:00.000+04:00,04.01.2019,08:30-08:45,08:30,AM,19.73,18.24,22.02,252.975,328.015,319.826,329.99,211.776,45.842,0.0,118.3811,2.2068
2019-01-04T08:45:00.000+04:00,04.01.2019,08:45-09:00,08:45,AM,21.23,18.12,21.63,307.23,394.971,385.773,397.368,258.548,40.912,0.0,131.9741,2.279
2019-01-04T09:00:00.000+04:00,04.01.2019,09:00-09:15,09:00,AM,22.25,18.74,22.01,374.912,485.48,474.654,488.509,315.683,37.993,0.0,134.7628,2.3762
2019-01-04T09:15:00.000+04:00,04.01.2019,09:15-09:30,09:15,AM,23.4,18.44,21.77,408.454,521.175,511.191,524.609,348.542,34.852,0.0,140.2025,2.4818
2019-01-04T09:30:00.000+04:00,04.01.2019,09:30-09:45,09:30,AM,24.45,18.22,21.59,457.933,581.815,572.033,586.113,393.234,32.209,0.0,142.1207,2.4194
2019-01-04T09:45:00.000+04:00,04.01.2019,09:45-10:00,09:45,AM,25.39,18.49,21.27,509.369,644.57,635.145,649.716,440,29.931,0.0,149.6836,2.2355
2019-01-04T10:00:00.000+04:00,04.01.2019,10:00-10:15,10:00,AM,26.44,20.44,22.4,538.371,677.067,668.809,683.33,469.419,27.362,0.0,148.9424,1.8066
2019-01-04T10:15:00.000+04:00,04.01.2019,10:15-10:30,10:15,AM,27.39,21.41,23.45,581.256,729.842,722.286,737.036,509.32,25.306,0.0,171.1266,1.4949
2019-01-04T10:30:00.000+04:00,04.01.2019,10:30-10:45,10:30,AM,27.98,19.69,21.27,610.205,763.422,756.885,771.662,537.036,23.883,0.0,197.7855,1.5218
2019-01-04T10:45:00.000+04:00,04.01.2019,10:45-11:00,10:45,AM,28.6,19.32,21.32,645.07,804.852,798.912,813.747,570.038,22.45,0.0,201.9013,1.5489
2019-01-04T11:00:00.000+04:00,04.01.2019,11:00-11:15,11:00,AM,28.94,20.29,22.42,669.408,833.938,829.492,844.164,594.269,21.556,0.0,231.2413,1.4961
2019-01-04T11:15:00.000+04:00,04.01.2019,11:15-11:30,11:15,AM,29.55,20.27,22.06,695.192,865.222,862.204,877.166,620.461,20.423,0.0,274.7464,2.2075
2019-01-04T11:30:00.000+04:00,04.01.2019,11:30-11:45,11:30,AM,29.65,20.28,21.68,712.361,884.52,882.549,896.974,638.128,20.228,0.0,301.969,2.7268
2019-01-04T11:45:00.000+04:00,04.01.2019,11:45-12:00,11:45,AM,29.65,19.9,21.37,726.584,901.218,900.532,914.711,653.087,20.329,0.0,293.9235,2.643
2019-01-04T12:00:00.000+04:00,04.01.2019,12:00-12:15,12:00,PM,29.91,19.77,20.58,723.437,895.118,895.711,908.858,652.807,20.016,0.0,290.9981,2.9198
2019-01-04T12:15:00.000+04:00,04.01.2019,12:15-12:30,12:15,PM,30.04,20.23,22.3,724.464,895.318,897.097,909.275,655.697,19.812,0.0,296.9282,2.9288
2019-01-04T12:30:00.000+04:00,04.01.2019,12:30-12:45,12:30,PM,30.13,20.11,22.28,718.012,887.588,890.43,902.065,650.96,19.748,0.0,299.9276,2.5721
2019-01-04T12:45:00.000+04:00,04.01.2019,12:45-13:00,12:45,PM,30.19,19.1,20.75,710.165,877.819,881.331,891.72,643.798,19.853,0.0,295.8337,2.7768
2019-01-04T13:00:00.000+04:00,04.01.2019,13:00-13:15,13:00,PM,30.33,19.45,22.1,701.46,867.464,872.549,882.4,638.046,19.854,0.0,302.2697,2.8737
2019-01-04T13:15:00.000+04:00,04.01.2019,13:15-13:30,13:15,PM,30.34,18.93,21.83,680.757,842.967,849.15,857.856,620.499,20.514,0.0,295.9634,2.7757
2019-01-04T13:30:00.000+04:00,04.01.2019,13:30-13:45,13:30,PM,30.41,20.62,22.94,656.993,814.906,822.566,830.465,600.516,20.506,0.0,293.4932,2.8893
2019-01-04T13:45:00.000+04:00,04.01.2019,13:45-14:00,13:45,PM,30.22,19.67,21.37,631.826,787.11,795.063,801.467,578.19,21.792,0.0,292.737,3.0315
2019-01-04T14:00:00.000+04:00,04.01.2019,14:00-14:15,14:00,PM,30.12,18.92,20.25,603.129,754.066,762.972,768.209,553.046,22.543,0.0,307.0861,2.5609
2019-01-04T14:15:00.000+04:00,04.01.2019,14:15-14:30,14:15,PM,29.9,18.91,21.26,566.692,709.819,718.949,721.925,520.628,24.262,0.0,303.0262,3.1742
2019-01-04T14:30:00.000+04:00,04.01.2019,14:30-14:45,14:30,PM,29.65,18.7,21.47,527.198,662.836,672.579,675.074,486.943,26.218,0.0,297.9027,3.4157
2019-01-04T14:45:00.000+04:00,04.01.2019,14:45-15:00,14:45,PM,29.43,19.66,22.11,481.97,608.331,618.383,619.658,446.421,28.852,0.0,301.3611,3.3924
2019-01-04T15:00:00.000+04:00,04.01.2019,15:00-15:15,15:00,PM,29.05,20.02,22.76,433.843,548.929,559.123,559.056,402.647,31.242,0.0,304.1702,3.5447
2019-01-04T15:15:00.000+04:00,04.01.2019,15:15-15:30,15:15,PM,28.57,19.71,22.87,384.281,486.721,496.578,495.443,357.876,34.309,0.0,301.2557,3.4883
2019-01-04T15:30:00.000+04:00,04.01.2019,15:30-15:45,15:30,PM,28.05,19.35,22.75,335.874,426.597,436.267,434.523,313.822,37.838,0.0,306.756,3.3228
2019-01-04T15:45:00.000+04:00,04.01.2019,15:45-16:00,15:45,PM,27.47,19.52,5.34,288.393,369.796,379.512,377.039,270.239,39.352,0.0,302.1245,3.6849
2019-01-04T16:00:00.000+04:00,04.01.2019,16:00-16:15,16:00,PM,27.11,19.28,22.64,242.411,314.462,323.913,321.227,227.633,39.974,0.0,298.3608,3.4897
2019-01-04T16:15:00.000+04:00,04.01.2019,16:15-16:30,16:15,PM,26.78,19.24,22.67,193.297,251.888,260.089,257.34,182.281,42.207,0.0,299.1185,3.234
2019-01-04T16:30:00.000+04:00,04.01.2019,16:30-16:45,16:30,PM,26.37,19.33,22.81,156.082,199.661,206.261,203.716,148.381,47.664,0.0,304.3571,3.6631
2019-01-04T16:45:00.000+04:00,04.01.2019,16:45-17:00,16:45,PM,25.65,19.4,23.14,101.098,127.064,131.378,129.579,96.52,52.478,0.0,303.9985,3.9993
2019-01-04T17:00:00.000+04:00,04.01.2019,17:00-17:15,17:00,PM,24.96,19.54,23.35,59.569,68.925,67.591,67.169,54.911,55.322,0.0,304.6427,3.8253
2019-01-04T17:15:00.000+04:00,04.01.2019,17:15-17:30,17:15,PM,24.39,20.06,23.75,26.218,27.811,25.019,25.364,24.44,57.117,0.0,305.751,3.4787
2019-01-04T17:30:00.000+04:00,04.01.2019,17:30-17:45,17:30,PM,23.97,19.62,24.4,6.48,6.767,6.097,6.297,6.984,59.417,0.0,303.2441,3.4625
2019-01-04T17:45:00.000+04:00,04.01.2019,17:45-18:00,17:45,PM,23.6,19.96,24.82,-0.524<,-0.586<,-0.498<,-0.458<,-0.266<,63.576,0.0,299.998,4.0774
2019-01-04T18:00:00.000+04:00,04.01.2019,18:00-18:15,18:00,PM,23.02,20.13,24.72,-2.386<,-2.551<,-2.265<,-2.267<,-2.152<,67.085,0.0,302.4941,3.7187
2019-01-04T18:15:00.000+04:00,04.01.2019,18:15-18:30,18:15,PM,22.59,20.28,24.74,-2.548<,-2.705<,-2.405<,-2.410<,-2.316<,68.905,0.0,301.2814,3.1854
2019-01-04T18:30:00.000+04:00,04.01.2019,18:30-18:45,18:30,PM,22.22,20.0,24.72,-2.347<,-2.482<,-2.211<,-2.232<,-2.251<,69.33,0.0,301.3974,3.0847
2019-01-04T18:45:00.000+04:00,04.01.2019,18:45-19:00,18:45,PM,21.95,20.12,24.54,-2.253<,-2.362<,-2.112<,-2.147<,-2.135<,69.443,0.0,299.7095,3.137
2019-01-04T19:00:00.000+04:00,04.01.2019,19:00-19:15,19:00,PM,21.8,20.1,24.54,-1.586<,-1.676<,-1.494<,-1.508<,-1.530<,69.505,0.0,299.9742,2.7835
2019-01-04T19:15:00.000+04:00,04.01.2019,19:15-19:30,19:15,PM,21.56,20.19,24.54,-2.296<,-2.432<,-2.173<,-2.188<,-2.172<,68.751,0.0,298.036,2.4749
2019-01-04T19:30:00.000+04:00,04.01.2019,19:30-19:45,19:30,PM,21.23,20.24,24.48,-2.777<,-2.960<,-2.634<,-2.646<,-2.561<,68.616,0.0,296.8418,2.0832
2019-01-04T19:45:00.000+04:00,04.01.2019,19:45-20:00,19:45,PM,20.82,20.15,24.62,-2.709<,-2.875<,-2.569<,-2.591<,-2.524<,68.849,0.0,297.061,2.3359
2019-01-04T20:00:00.000+04:00,04.01.2019,20:00-20:15,20:00,PM,20.45,20.17,24.58,-2.939<,-3.110<,-2.777<,-2.793<,-2.746<,68.048,0.0,292.2564,1.9303
2019-01-04T20:15:00.000+04:00,04.01.2019,20:15-20:30,20:15,PM,20.09,20.4,24.53,-3.369<,-3.592<,-3.197<,-3.200<,-3.258<,68.655,0.0,272.8639,1.3415
2019-01-04T20:30:00.000+04:00,04.01.2019,20:30-20:45,20:30,PM,19.74,20.13,24.37,-3.183<,-3.356<,-2.999<,-3.026<,-3.173<,68.858,0.0,265.0404,1.07
2019-01-04T20:45:00.000+04:00,04.01.2019,20:45-21:00,20:45,PM,19.52,20.19,24.51,-2.734<,-2.882<,-2.566<,-2.609<,-2.801<,67.953,0.0,275.6416,1.3915
2019-01-04T21:00:00.000+04:00,04.01.2019,21:00-21:15,21:00,PM,19.37,20.42,24.64,-3.043<,-3.218<,-2.859<,-2.896<,-2.944<,67.823,0.0,275.2376,1.1683
2019-01-04T21:15:00.000+04:00,04.01.2019,21:15-21:30,21:15,PM,18.95,20.19,24.6,-2.982<,-3.125<,-2.805<,-2.885<,-3.467<,67.613,0.0,251.1342,0.8659
2019-01-04T21:30:00.000+04:00,04.01.2019,21:30-21:45,21:30,PM,18.37,20.53,24.57,-3.226<,-3.407<,-3.050<,-3.108<,-3.470<,68.723,0.0,241.9014,1.0144
2019-01-04T21:45:00.000+04:00,04.01.2019,21:45-22:00,21:45,PM,18.41,20.46,24.52,-2.210<,-2.277<,-2.030<,-2.147<,-2.650<,71.151,0.0,216.3101,1.2544
2019-01-04T22:00:00.000+04:00,04.01.2019,22:00-22:15,22:00,PM,18.52,20.06,24.4,-2.408<,-2.505<,-2.231<,-2.328<,-2.664<,69.445,0.0,219.9064,1.1416
2019-01-04T22:15:00.000+04:00,04.01.2019,22:15-22:30,22:15,PM,18.11,20.24,24.61,-2.960<,-3.110<,-2.777<,-2.855<,-3.402<,68.807,0.0,236.7226,0.8684
2019-01-04T22:30:00.000+04:00,04.01.2019,22:30-22:45,22:30,PM,17.51,20.32,24.58,-3.276<,-3.434<,-3.095<,-3.162<,-3.719<,69.495,0.0,250.9094,0.6049
2019-01-04T22:45:00.000+04:00,04.01.2019,22:45-23:00,22:45,PM,17.38,20.53,24.64,-2.641<,-2.740<,-2.450<,-2.533<,-2.749<,71.335,0.0,217.0639,1.2547
2019-01-04T23:00:00.000+04:00,04.01.2019,23:00-23:15,23:00,PM,17.56,20.37,24.69,-3.122<,-3.283<,-2.900<,-2.971<,-2.821<,69.831,0.0,209.9199,1.0926
2019-01-04T23:15:00.000+04:00,04.01.2019,23:15-23:30,23:15,PM,17.54,20.23,24.64,-2.325<,-2.412<,-2.156<,-2.270<,-2.787<,69.728,0.0,220.107,1.2424
2019-01-04T23:30:00.000+04:00,04.01.2019,23:30-23:45,23:30,PM,17.21,20.5,24.58,-3.613<,-3.838<,-3.419<,-3.453<,-3.371<,69.041,0.0,156.9314,0.9937
2019-01-04T23:45:00.000+04:00,04.01.2019,23:45-00:00,23:45,PM,16.03,20.04,24.55,-4.625<,-4.956<,-4.408<,-4.403<,-4.187<,70.926,0.0,119.7642,0.6765
